customer_id,customer_name,email,registration_date,customer_type,region_code
C0001,Brian Yang,johnsonjoshua@example.org,2023-08-21,VIP,EAST
C0002,Jonathan Johnson,garzaanthony@example.org,2024-04-11,VIP,NORTH
C0003,Kevin Pacheco,jennifermiles@example.com,2023-12-26,VIP,WEST
C0004,Christopher Bernard,blakeerik@example.com,2024-01-08,REGULAR,SOUTH
C0005,Lindsey Roman,curtis61@example.com,2023-08-24,VIP,SOUTH
C0006,Sandra Montgomery,yherrera@example.org,2025-11-06,REGULAR,WEST
C0007,Dylan Miller,barbara10@example.net,2023-07-14,REGULAR,WEST
C0008,Holly Wood,michellejames@example.com,2024-05-14,REGULAR,EAST
C0009,Lisa Jackson,elizabethmiles@example.net,2025-08-17,REGULAR,EAST
C0010,Colleen Nguyen,frankgray@example.net,2024-12-23,REGULAR,WEST
C0011,Austin Gentry,perezantonio@example.com,2025-08-14,REGULAR,CENTRAL
C0012,Derek Wright,jason76@example.net,2025-07-10,VIP,SOUTH
C0013,Zachary Taylor,julie69@example.com,2023-10-02,VIP,SOUTH
C0014,Christopher Becker,ddavis@example.org,2023-12-11,REGULAR,NORTH
C0015,Tricia Valencia,cruzcaitlin@example.com,2026-01-14,VIP,EAST
C0016,Patricia Peterson,frazierdanny@example.net,2025-06-27,REGULAR,EAST
C0017,Deborah Mason,ryan70@example.net,2023-11-24,VIP,SOUTH
C0018,Mark Lynch,williamrodriguez@example.net,2024-11-13,REGULAR,WEST
C0019,Linda Burns,nathanielmartin@example.net,2024-09-22,VIP,EAST
C0020,David Bradley,hickmannatasha@example.com,2023-10-23,REGULAR,NORTH
C0021,Kim Martinez,millertodd@example.org,2025-09-29,PREMIUM,NORTH
C0022,Lisa Brandt,karroyo@example.com,2025-04-05,REGULAR,WEST
C0023,Jessica Holmes,jenniferross@example.net,2026-01-25,REGULAR,EAST
C0024,Crystal Robinson,wrightcaleb@example.org,2024-12-20,VIP,CENTRAL
C0025,Shannon Jones,zimmermanbrian@example.org,2025-09-25,PREMIUM,SOUTH
C0026,Timothy Duncan,joshuawashington@example.net,2024-04-09,VIP,WEST
C0027,Brent Jordan,esanchez@example.com,2023-10-05,REGULAR,SOUTH
C0028,Victoria Garcia,ujenkins@example.org,2025-11-11,VIP,NORTH
C0029,Connor West,zchandler@example.org,2026-02-13,VIP,EAST
C0030,Angela Morton,dwhite@example.org,2023-07-24,VIP,NORTH
C0031,Tammy Allison,williamsyvette@example.org,2024-12-28,VIP,EAST
C0032,Carmen Smith,richardolson@example.com,2025-12-07,REGULAR,WEST
C0033,Michael Cross,ybakerexample.com,2024-12-21,VIP,SOUTH
C0034,Lauren Daniels,smoore@example.org,2024-02-03,VIP,EAST
C0035,Kim Brown,brian97@example.net,2026-05-05,VIP,SOUTH
C0036,Cynthia Wilson,yorkcasey@example.org,2024-05-26,VIP,CENTRAL
C0037,Kevin Mills,bethwilliams@example.org,2025-04-24,PREMIUM,NORTH
C0038,Michael Evans,james53@example.com,2025-07-13,PREMIUM,SOUTH
C0039,Kristine Garcia,sarah10@example.com,2023-12-09,REGULAR,WEST
C0040,Sherry Wood,williamanderson@example.com,2026-06-25,REGULAR,SOUTH
C0041,Victoria Valdez,samueldaniels@example.com,2024-06-03,PREMIUM,CENTRAL
C0042,Shawn Baker,contrerasangela@example.net,2025-11-13,REGULAR,CENTRAL
C0043,Michelle Harris,newtoneric@example.com,2024-08-15,VIP,EAST
C0044,Sandra Williams,william40@example.org,2025-08-03,PREMIUM,CENTRAL
C0045,Michael Hoffman,kellie42@example.net,2024-11-19,REGULAR,NORTH
C0046,Sandra Aguilar,jonesnicole@example.org,2024-10-14,VIP,SOUTH
C0047,Rebecca Valencia,russellwilliamsexample.com,2023-10-29,REGULAR,NORTH
C0048,Stacey Russell,jason31@example.com,2025-05-07,REGULAR,CENTRAL
C0049,Rita Keith,sarayoung@example.org,2026-03-21,REGULAR,CENTRAL
C0050,Sharon Cochran,whitesandra@example.com,2026-02-23,REGULAR,WEST
C0051,Courtney Velasquez,erik16@example.org,2024-07-24,REGULAR,NORTH
C0052,Matthew Ross,ybailey@example.org,2025-06-25,PREMIUM,WEST
C0053,Meghan Anthony,michelle45@example.net,2023-10-19,VIP,NORTH
C0054,Victoria Johnson,sheila14@example.org,2025-05-25,REGULAR,SOUTH
C0055,William Wilson,yreed@example.com,2026-01-04,REGULAR,WEST
C0056,Renee Mcdaniel,jonathanfletcher@example.org,2026-02-02,REGULAR,NORTH
C0057,Lisa Alvarado,michaeljones@example.net,2024-01-17,REGULAR,CENTRAL
C0058,Erika Terry,cortezkevin@example.com,2024-01-08,REGULAR,SOUTH
C0059,Stephanie Gilbert,jamesortega@example.com,2026-03-12,REGULAR,WEST
C0060,Richard Lawson,richard04@example.com,2024-06-02,PREMIUM,NORTH
C0061,Steven Flynn,steven73@example.net,2024-12-25,PREMIUM,EAST
C0062,Frances Cardenas,donnacampbell@example.net,2026-03-23,REGULAR,SOUTH
C0063,Angel Riggs,emilywalker@example.org,2023-10-28,VIP,CENTRAL
C0064,Michael Snyder,gibsonolivia@example.net,2025-04-03,REGULAR,NORTH
C0065,Colleen Brock,dylanwatts@example.org,2026-04-25,VIP,SOUTH
C0066,Robert Contreras,pwilliams@example.org,2026-05-06,REGULAR,SOUTH
C0067,Jessica Meadows,stephanie79@example.net,2023-11-17,VIP,SOUTH
C0068,Paul Larsen,vmerritt@example.com,2024-11-16,VIP,CENTRAL
C0069,Jeremiah Reeves,katie87@example.net,2023-12-15,PREMIUM,CENTRAL
C0070,Chris Reyes,josephflores@example.net,2025-04-08,PREMIUM,SOUTH
C0071,John Brown,jasminebrown@example.com,2025-04-04,REGULAR,EAST
C0072,Alicia Gilmore,xprice@example.net,2025-03-06,PREMIUM,EAST
C0073,Sarah Ashley,wwoods@example.com,2023-11-26,REGULAR,WEST
C0074,Stephanie Freeman,vmedina@example.net,2024-01-21,REGULAR,CENTRAL
C0075,Rebecca Ramsey,ryan06@example.com,2024-12-25,REGULAR,EAST
C0076,James Elliott,ncalhoun@example.net,2024-11-12,PREMIUM,EAST
C0077,David Murphy,millerroy@example.com,2025-03-11,VIP,CENTRAL
C0078,Trevor Fisher,wmurphyexample.com,2025-03-05,VIP,NORTH
C0079,Mrs. Marie Harrington DDS,ruizkaitlyn@example.org,2024-04-01,PREMIUM,NORTH
C0080,Cynthia Wells,herringjames@example.org,2024-05-14,PREMIUM,EAST
C0081,Jacob Obrien,elliottjeffery@example.net,2025-06-02,REGULAR,EAST
C0082,Alexander Collins,stricklandfrank@example.com,2024-11-26,REGULAR,NORTH
C0083,Michael Burton,tsanders@example.org,2025-01-17,REGULAR,NORTH
C0084,Barbara Riggs,terrykevin@example.net,2024-03-24,VIP,EAST
C0085,Matthew Smith,reedross@example.com,2025-12-21,VIP,WEST
C0086,Madison Poole,gshort@example.com,2024-02-15,REGULAR,SOUTH
C0087,Robert Medina,ryangross@example.net,2025-07-26,VIP,CENTRAL
C0088,Samuel Rivas,umarshall@example.net,2024-03-18,REGULAR,EAST
C0089,Mary Rogers,ramirezshannon@example.com,2023-09-20,PREMIUM,SOUTH
C0090,Robert Peterson,lrosales@example.com,2024-01-27,PREMIUM,CENTRAL
C0091,Jason Peters,angela83@example.org,2025-10-10,VIP,SOUTH
C0092,Alan Phillips,hannahbrewer@example.com,2024-10-27,REGULAR,SOUTH
C0093,Kara Schmidt,tholt@example.net,2023-08-20,REGULAR,EAST
C0094,Jesse Parker,jbarajas@example.com,2025-10-21,VIP,SOUTH
C0095,Tiffany Vaughn,davidlee@example.org,2024-02-07,PREMIUM,NORTH
C0096,Paige Carlson,javierwashington@example.net,2024-09-28,REGULAR,WEST
C0097,Adrian Ferguson,wallkenneth@example.com,2024-10-09,REGULAR,NORTH
C0098,Beth Oneill,brandon08@example.com,2025-09-24,PREMIUM,EAST
C0099,John Peterson,agarcia@example.net,2025-01-22,PREMIUM,CENTRAL
C0100,Jennifer Jones,kingmichelle@example.org,2025-05-09,REGULAR,NORTH
C0101,David Grant,hernandezlisa@example.com,2024-12-16,REGULAR,CENTRAL
C0102,Joseph Hayes,yobrien@example.net,2024-12-25,REGULAR,NORTH
C0103,Marc Lynch,levans@example.com,2025-06-07,VIP,EAST
C0104,Brad Allen,mezajared@example.org,2026-05-13,REGULAR,WEST
C0105,Doris Hall,moorericky@example.net,2024-07-24,PREMIUM,NORTH
C0106,Dennis Moody,jacqueline71@example.net,2023-07-04,VIP,CENTRAL
C0107,Derek Thomas,ronaldstephens@example.net,2024-08-07,PREMIUM,WEST
C0108,Tammy Gonzales,martinkyle@example.net,2025-05-07,VIP,EAST
C0109,Kathryn Snyder,sbarker@example.com,2024-03-12,VIP,EAST
C0110,David Davis,georgepamela@example.net,2025-10-14,PREMIUM,WEST
C0111,Pamela Thompson,keyemily@example.com,2024-03-17,REGULAR,WEST
C0112,Robert Costa,lmoon@example.net,2025-08-15,VIP,SOUTH
C0113,Shannon Rivera,vbailey@example.com,2025-03-08,PREMIUM,CENTRAL
C0114,Brandon King,zroberts@example.net,2025-03-14,PREMIUM,SOUTH
C0115,April Booth,cordovarichard@example.net,2025-04-20,PREMIUM,WEST
C0116,Peter Garrett,mgutierrez@example.net,2024-09-10,VIP,WEST
C0117,Michael Martinez,harrisandrea@example.com,2024-06-12,VIP,NORTH
C0118,Anna Gay,jennifercollins@example.org,2025-05-17,REGULAR,SOUTH
C0119,Dr. Jordan Hill PhD,murraydavid@example.org,2024-10-03,REGULAR,SOUTH
C0120,Thomas Romero,jsanchez@example.org,2024-11-13,PREMIUM,CENTRAL
C0121,Richard Adams,michellehill@example.com,2023-11-27,PREMIUM,WEST
C0122,Mary Grimes,campbellkenneth@example.net,2024-08-02,VIP,WEST
C0123,Kimberly Gibson,wryan@example.com,2024-11-11,REGULAR,NORTH
C0124,Reginald Williams,molly39@example.com,2024-02-04,PREMIUM,SOUTH
C0125,Matthew Hoover,zthornton@example.com,2026-05-26,PREMIUM,NORTH
C0126,Evelyn Garcia,tylerjohnson@example.net,2024-03-05,PREMIUM,SOUTH
C0127,Jennifer Pena,dgarcia@example.org,2026-06-22,VIP,CENTRAL
C0128,Michael Santos,charlesharrington@example.com,2025-12-23,VIP,CENTRAL
C0129,Stacy Freeman,melissa86@example.com,2025-12-30,REGULAR,WEST
C0130,Yolanda Francis,williamsonjimmy@example.net,2024-11-18,VIP,EAST
C0131,Ashlee Jackson,wgood@example.net,2026-06-02,PREMIUM,SOUTH
C0132,James Thomas,rebecca05@example.org,2023-12-06,VIP,EAST
C0133,Bob Pitts,yknight@example.org,2025-05-18,PREMIUM,CENTRAL
C0134,David Scott,tyleraguilar@example.org,2024-05-04,REGULAR,WEST
C0135,Brooke Alexander,nolansteven@example.com,2024-09-11,REGULAR,WEST
C0136,Ryan Gonzalez,vanessa46@example.net,2026-02-09,PREMIUM,NORTH
C0137,Ian Phillips,gcastaneda@example.org,2025-11-07,PREMIUM,CENTRAL
C0138,Melissa Garner,andrew64@example.org,2023-08-10,VIP,WEST
C0139,Crystal Pham,lozanojulie@example.com,2025-06-20,PREMIUM,WEST
C0140,Patricia Becker,danaoliver@example.net,2025-11-05,VIP,CENTRAL
C0141,Richard Johnson,courtneyberger@example.net,2024-09-24,PREMIUM,SOUTH
C0142,Casey Anderson,jessica14@example.com,2026-03-21,REGULAR,WEST
C0143,Terry Coffey,alyssa42@example.com,2025-10-06,VIP,SOUTH
C0144,Brenda Levy,julie51@example.com,2024-03-18,VIP,CENTRAL
C0145,Richard Smith,zcoffey@example.net,2025-09-14,VIP,CENTRAL
C0146,James Little,gibsonemily@example.net,2023-12-19,VIP,WEST
C0147,Terri Murphy,daniel37@example.org,2026-01-31,REGULAR,NORTH
C0148,Elizabeth Ortiz,deborahreid@example.com,2025-05-01,REGULAR,WEST
C0149,David Medina,brandonjohnson@example.com,2025-08-15,PREMIUM,WEST
C0150,Kimberly Matthews,qchavez@example.net,2023-12-15,PREMIUM,NORTH
C0151,Teresa Ramirez,nicolepena@example.com,2023-10-15,PREMIUM,SOUTH
C0152,Michael Stephens,jeff73@example.com,2023-09-21,REGULAR,SOUTH
C0153,Samantha Davis,bruce43@example.org,2023-08-11,VIP,SOUTH
C0154,Gavin Zhang,darleneharper@example.org,2026-02-24,VIP,NORTH
C0155,Robin Hall,caseyhubbard@example.org,2024-09-19,PREMIUM,EAST
C0156,Brianna Anderson,kristinacarlson@example.com,2024-06-08,VIP,CENTRAL
C0157,Richard Young,lauren10@example.org,2024-02-20,REGULAR,EAST
C0158,Kelly Reese,alfred40@example.org,2023-08-22,PREMIUM,CENTRAL
C0159,Jodi Walker,xwest@example.net,2025-08-07,PREMIUM,SOUTH
C0160,Judith Maynard,acostaregina@example.net,2024-11-09,REGULAR,EAST
C0161,Katherine Browning,lutzmelanie@example.com,2024-03-04,VIP,NORTH
C0162,Donald Schultz,lammarc@example.org,2025-11-24,VIP,EAST
C0163,Larry Garcia,oscar98@example.com,2025-05-29,REGULAR,WEST
C0164,Cindy Hayes,farrelldebra@example.net,2024-02-02,PREMIUM,EAST
C0165,Brandon Simmons,robertwilcox@example.com,2026-01-27,VIP,SOUTH
C0166,Bradley Reynolds,nicholas27@example.org,2026-06-03,VIP,EAST
C0167,Kristina Santiago,lisa80@example.net,2026-03-17,PREMIUM,WEST
C0168,Michelle Schmitt,qgomez@example.com,2024-12-31,PREMIUM,SOUTH
C0169,John Boone,michael98@example.org,2023-12-25,PREMIUM,WEST
C0170,Renee Bruce,megan51@example.com,2026-02-06,VIP,CENTRAL
C0171,Christopher Park,lynchdiane@example.net,2025-05-19,REGULAR,WEST
C0172,Kylie Morales,sandra50@example.org,2024-07-07,PREMIUM,SOUTH
C0173,Cindy Barnes,joycebonilla@example.org,2024-12-11,PREMIUM,EAST
C0174,Sophia Moore,eric45@example.net,2025-01-16,VIP,NORTH
C0175,Lawrence Perry,craigjoseph@example.net,2024-07-26,REGULAR,SOUTH
C0176,Michael Watkins,kariwilson@example.com,2026-03-27,VIP,SOUTH
C0177,Eric Clark,brandon69@example.org,2026-04-01,PREMIUM,NORTH
C0178,Paul Thompson,kathrynroberts@example.org,2024-09-26,PREMIUM,SOUTH
C0179,Mary Gomez,opatel@example.net,2025-07-25,PREMIUM,CENTRAL
C0180,Thomas Atkins,chensley@example.com,2025-11-18,VIP,CENTRAL
C0181,Brian Smith,tberry@example.net,2026-01-15,PREMIUM,EAST
C0182,Anita Richard,george97@example.net,2024-03-04,VIP,SOUTH
C0183,Eric Morgan,ryanmorales@example.org,2024-07-14,REGULAR,SOUTH
C0184,Jordan Bullock,kimberly18@example.net,2025-01-17,VIP,CENTRAL
C0185,Craig Morrison,michael23@example.org,2026-06-09,VIP,EAST
C0186,Justin Riley,thompsonkendra@example.com,2024-08-01,PREMIUM,SOUTH
C0187,Jeremy Turner,michelle52@example.com,2025-03-11,REGULAR,CENTRAL
C0188,Jesse Brown,brittany58@example.org,2023-10-02,REGULAR,CENTRAL
C0189,Julie Spencer,chase19@example.net,2024-03-15,VIP,WEST
C0190,Larry Mason,colelisa@example.net,2023-07-26,VIP,EAST
C0191,Mrs. Maria Williams,hayeslisa@example.com,2025-12-19,PREMIUM,SOUTH
C0192,Helen Hardin,hritter@example.net,2024-11-29,PREMIUM,NORTH
C0193,Rachel Holland,vortiz@example.net,2025-09-28,PREMIUM,NORTH
C0194,Nathaniel Douglas,riveraangela@example.com,2023-10-18,REGULAR,SOUTH
C0195,Emily Douglas,mathewaguilar@example.org,2025-03-14,REGULAR,SOUTH
C0196,James Conner,tanderson@example.org,2025-10-30,VIP,CENTRAL
C0197,Susan Davis DDS,elizabethcalderon@example.net,2024-10-05,VIP,WEST
C0198,Ralph Lee,andrew42@example.org,2025-12-23,PREMIUM,CENTRAL
C0199,Kimberly Rodgers,ericphillips@example.org,2025-03-17,VIP,CENTRAL
C0200,James Martin,stanleynancy@example.net,2024-01-20,REGULAR,SOUTH
C0201,Cynthia Wallace,jenniferwilliams@example.com,2023-12-14,REGULAR,SOUTH
C0202,Vincent Mueller,karen73@example.net,2023-12-01,REGULAR,NORTH
C0203,Douglas Reyes,michealvalentine@example.com,2026-02-17,PREMIUM,NORTH
C0204,David Davidson,mburch@example.net,2025-01-30,VIP,WEST
C0205,Phillip Nelson,angela18@example.org,2024-10-21,PREMIUM,CENTRAL
C0206,Stacey Arias,mariahdavis@example.org,2024-08-09,PREMIUM,NORTH
C0207,Zachary Brooks,gbrown@example.com,2024-05-01,PREMIUM,SOUTH
C0208,Raven Taylor,florescory@example.net,2024-06-04,PREMIUM,CENTRAL
C0209,Luis Bullock,samantha72@example.net,2025-02-11,PREMIUM,NORTH
C0210,Lisa Henderson,scottmary@example.net,2025-03-14,VIP,WEST
C0211,Riley Bryant,john10@example.org,2026-04-20,VIP,WEST
C0212,Jose Allen,copelandvincent@example.net,2023-09-20,PREMIUM,EAST
C0213,Jason Beck,kellysmith@example.com,2023-08-22,REGULAR,SOUTH
C0214,Rachel Romero,millsmichael@example.net,2023-08-12,VIP,EAST
C0215,James Burgess,myerstheodore@example.net,2024-06-23,PREMIUM,CENTRAL
C0216,Ashley Perkins,kristina53@example.net,2025-01-20,REGULAR,CENTRAL
C0217,Carrie Maxwell,dennis58@example.com,2026-04-03,REGULAR,WEST
C0218,Chad Baldwin,epollard@example.net,2025-05-13,PREMIUM,NORTH
C0219,Stacey Stewart,mjohnson@example.org,2025-05-06,PREMIUM,WEST
C0220,Matthew Mitchell,zachary87@example.com,2025-09-28,VIP,NORTH
C0221,Jessica Ross,glennmartin@example.org,2025-04-05,PREMIUM,EAST
C0222,Kathleen Jimenez,ykline@example.com,2025-10-05,VIP,NORTH
C0223,Samantha Gardner,laurie61@example.com,2026-02-01,PREMIUM,NORTH
C0224,Mitchell Jackson,curtis54@example.com,2025-07-10,VIP,WEST
C0225,Heather Bolton,cbell@example.net,2023-10-14,REGULAR,EAST
C0226,Heidi Owen,danielle01@example.net,2025-02-09,PREMIUM,WEST
C0227,Jessica Martinez,stephaniethomas@example.net,2024-11-02,VIP,SOUTH
C0228,Amanda Hernandez,kimberlydiaz@example.com,2023-07-29,VIP,WEST
C0229,Laura Moreno,xrush@example.com,2024-02-18,PREMIUM,NORTH
C0230,Allison Lopez,redwards@example.org,2024-05-11,PREMIUM,EAST
C0231,Michele Lewis,hmcintyre@example.com,2025-01-10,PREMIUM,WEST
C0232,Benjamin Thompson,heather73@example.org,2024-11-11,PREMIUM,CENTRAL
C0233,Victoria Contreras,zosborn@example.net,2024-07-25,VIP,CENTRAL
C0234,Michelle Ho,piercekelly@example.com,2024-04-05,REGULAR,EAST
C0235,Dr. Cynthia Snyder,laurahicks@example.org,2025-10-27,PREMIUM,CENTRAL
C0236,Stephen Jones,angela57@example.net,2023-07-06,PREMIUM,EAST
C0237,Patricia Morrow,ukey@example.com,2026-03-29,REGULAR,WEST
C0238,Michael Cooper,martinezlogan@example.org,2025-06-06,PREMIUM,CENTRAL
C0239,Amy Martinez,katrinaanderson@example.net,2025-08-11,PREMIUM,EAST
C0240,Travis Stone,kevinmartin@example.net,2024-11-01,VIP,WEST
C0241,Denise Weber,meghan43@example.net,2025-10-19,REGULAR,EAST
C0242,Matthew Le,shawgary@example.net,2025-08-19,PREMIUM,SOUTH
C0243,Travis Wise,megan90@example.org,2023-09-14,REGULAR,CENTRAL
C0244,Kathleen Burton,debra96@example.net,2025-05-10,REGULAR,WEST
C0245,Melinda Evans,dawn47@example.org,2026-01-21,REGULAR,SOUTH
C0246,Mr. Lawrence Edwards,barkereric@example.com,2024-05-12,REGULAR,WEST
C0247,Kayla Rodriguez,jessica56@example.org,2024-12-24,PREMIUM,CENTRAL
C0248,Anthony Dougherty,stevenadams@example.org,2023-12-12,PREMIUM,CENTRAL
C0249,Michelle Lee,kwright@example.com,2025-04-09,VIP,WEST
C0250,Kathleen Davis,tyronerobertson@example.com,2023-09-12,VIP,NORTH
C0251,Amber Campbell,pwagner@example.org,2025-02-08,REGULAR,NORTH
C0252,Stephen Luna,amitchell@example.org,2024-01-18,VIP,NORTH
C0253,Chloe Tran,zdiaz@example.org,2025-03-05,REGULAR,NORTH
C0254,William Becker,hughesshannon@example.net,2023-10-23,PREMIUM,EAST
C0255,Gina Mcmillan,andersoncolin@example.com,2024-04-24,REGULAR,CENTRAL
C0256,Andrew Reeves,jameshicks@example.net,2024-07-03,REGULAR,SOUTH
C0257,Brenda Velazquez,jstone@example.net,2025-08-22,VIP,SOUTH
C0258,Ronald Patel,francisco94@example.net,2024-04-19,REGULAR,WEST
C0259,Veronica Silva,thomas05@example.com,2026-01-27,PREMIUM,NORTH
C0260,Paula Lane,carlsonjoseph@example.net,2026-02-07,PREMIUM,CENTRAL
C0261,Patricia James,silvageorge@example.net,2025-12-21,PREMIUM,CENTRAL
C0262,Jeremy Barnes,anthonyvaughan@example.org,2025-11-15,VIP,EAST
C0263,Tami Salas,avaughn@example.net,2025-03-10,REGULAR,WEST
C0264,Matthew Fox,thorntonapril@example.net,2024-02-04,REGULAR,WEST
C0265,Megan Dillon,sue78@example.com,2025-02-25,VIP,EAST
C0266,Courtney Dudley,chelsea33@example.com,2025-09-18,PREMIUM,NORTH
C0267,Justin Michael,kellie37@example.com,2023-10-09,VIP,WEST
C0268,Jennifer Reed,keith98@example.com,2025-02-06,REGULAR,CENTRAL
C0269,Thomas Douglas,kellyroberts@example.net,2024-09-21,VIP,SOUTH
C0270,Melissa Taylor,ilewis@example.com,2024-04-06,VIP,NORTH
C0271,David Garcia,johnsantiago@example.net,2023-09-19,PREMIUM,WEST
C0272,Vanessa Moore,jennifer12@example.org,2025-07-17,VIP,SOUTH
C0273,Matthew Velez,mwoods@example.com,2025-02-24,PREMIUM,WEST
C0274,Taylor Gentry,pearsonjesse@example.net,2024-03-27,VIP,EAST
C0275,Jennifer Simpson DVM,robertmonroe@example.org,2025-01-09,REGULAR,EAST
C0276,Tanya Rogers,nancy04@example.net,2026-03-13,PREMIUM,EAST
C0277,Todd Rosales MD,ihays@example.net,2026-02-14,REGULAR,SOUTH
C0278,David Lopez,lisarivera@example.net,2024-10-05,VIP,WEST
C0279,Margaret Sullivan,krystal93@example.org,2025-07-19,REGULAR,WEST
C0280,Cathy Taylor,frobertsonexample.com,2024-03-10,PREMIUM,EAST
C0281,Paul Finley,shari04@example.com,2024-12-18,VIP,WEST
C0282,Melissa Brown,brandi90@example.com,2025-07-30,REGULAR,SOUTH
C0283,Stephanie Padilla,marshallerik@example.net,2025-05-02,VIP,SOUTH
C0284,Tyler Mendoza,hannah45@example.net,2026-02-05,VIP,EAST
C0285,Joshua Ruiz,madkins@example.com,2024-02-24,REGULAR,NORTH
C0286,Angela Griffin,kathleenbecker@example.net,2025-03-15,PREMIUM,NORTH
C0287,Stephanie Harris,christian91@example.org,2024-04-03,PREMIUM,WEST
C0288,Daniel Aguilar,franklinbond@example.com,2025-11-05,VIP,SOUTH
C0289,Jose Bryant,nolansean@example.org,2024-01-19,PREMIUM,CENTRAL
C0290,Jennifer Velasquez,hansenemily@example.com,2025-01-23,REGULAR,EAST
C0291,Kimberly Brown,bethwilliams@example.com,2025-12-27,REGULAR,EAST
C0292,Randy Cannon,andersenthomas@example.com,2025-07-22,VIP,EAST
C0293,Susan Bennett,ybrooks@example.com,2025-01-16,REGULAR,NORTH
C0294,Jenna Anderson DVM,desireebailey@example.org,2026-01-17,REGULAR,SOUTH
C0295,Kimberly Patel,avilatiffany@example.com,2023-08-13,REGULAR,EAST
C0296,Shaun Cannon,johnreed@example.com,2024-03-14,VIP,SOUTH
C0297,Austin Wheeler,pachecorobert@example.org,2024-08-28,VIP,SOUTH
C0298,Andrew Gonzales,tharper@example.org,2024-10-20,PREMIUM,SOUTH
C0299,Donna Cabrera,karenparsons@example.org,2023-07-06,PREMIUM,SOUTH
C0300,Victoria Boyd,barbara53@example.com,2024-11-25,REGULAR,NORTH
C0301,Sheryl Buck,dturner@example.net,2023-08-22,REGULAR,NORTH
C0302,Megan Floyd,dpeters@example.com,2024-10-30,VIP,EAST
C0303,Paul Wells,heather62example.com,2024-12-25,REGULAR,SOUTH
C0304,Kristina Faulkner,kevinzimmerman@example.com,2026-06-12,REGULAR,NORTH
C0305,Tammy Boone,paulscott@example.com,2025-07-11,VIP,CENTRAL
C0306,Michael Morrison,nicholsmaria@example.org,2026-04-27,REGULAR,CENTRAL
C0307,Claire Clark,lopezkathleen@example.net,2026-06-02,PREMIUM,WEST
C0308,Autumn Key,kevin03@example.org,2023-09-02,REGULAR,WEST
C0309,Jennifer Allen,srocha@example.net,2025-11-20,VIP,NORTH
C0310,Elizabeth Ward,kimberly67@example.net,2025-12-25,REGULAR,NORTH
C0311,Ryan Rocha,zowens@example.net,2024-04-29,REGULAR,SOUTH
C0312,Alexis Tran,lawrence09@example.org,2025-04-26,PREMIUM,CENTRAL
C0313,Kelly Sanchez,mphillips@example.com,2026-01-15,VIP,CENTRAL
C0314,Robert Jackson,jonathan77@example.com,2024-02-20,VIP,CENTRAL
C0315,Kelly Combs,iwhite@example.net,2024-09-13,PREMIUM,WEST
C0316,Ryan Hall,landryelizabeth@example.org,2025-10-25,PREMIUM,WEST
C0317,Mark Peck,albertwagner@example.com,2024-01-11,PREMIUM,WEST
C0318,Jennifer Smith,bhopkins@example.org,2024-12-04,PREMIUM,SOUTH
C0319,Megan Drake,amanda40@example.net,2026-02-26,REGULAR,NORTH
C0320,Manuel King,danieldavis@example.org,2024-01-07,PREMIUM,NORTH
C0321,Judy Sanchez,joseph61@example.com,2025-08-02,REGULAR,CENTRAL
C0322,Shannon Malone,kevinclayton@example.org,2025-05-06,VIP,NORTH
C0323,Adam Jackson,sullivannicholas@example.com,2025-11-13,VIP,NORTH
C0324,Shannon Davis,pbruce@example.com,2025-03-31,PREMIUM,NORTH
C0325,Karen Williams,hallrachel@example.net,2024-09-08,REGULAR,WEST
C0326,Amanda Mcfarland,cohenjuan@example.net,2024-02-07,PREMIUM,CENTRAL
C0327,Michelle Sanders,alexis39@example.org,2025-01-21,VIP,SOUTH
C0328,Jasmine Mosley,evansanne@example.net,2023-08-23,VIP,EAST
C0329,Haley Davis,patrick21@example.net,2025-01-10,VIP,EAST
C0330,Jennifer Ayala,marypeterson@example.net,2025-06-18,REGULAR,SOUTH
C0331,Henry Pugh MD,walterskristen@example.com,2025-09-28,REGULAR,SOUTH
C0332,Michelle Miller,nmiller@example.com,2023-09-01,REGULAR,CENTRAL
C0333,Emily Rodriguez,normanbowers@example.org,2025-11-06,PREMIUM,EAST
C0334,Brandon Jordan,hahnsean@example.com,2025-03-30,VIP,EAST
C0335,Linda Mueller,fgarcia@example.com,2023-12-21,REGULAR,SOUTH
C0336,Misty Hansen,asmith@example.com,2023-10-10,VIP,NORTH
C0337,Derrick Adams,ashleyjackson@example.com,2025-11-15,PREMIUM,CENTRAL
C0338,Richard Ward,bryanhamilton@example.com,2025-01-10,REGULAR,CENTRAL
C0339,Brian Torres,jennifersimpson@example.net,2025-11-27,REGULAR,EAST
C0340,Erin Cook,ncook@example.com,2026-03-23,VIP,EAST
C0341,Ernest Oconnell,kevinmorrison@example.net,2025-09-17,VIP,NORTH
C0342,Douglas Hartman,kelly79example.org,2025-03-09,REGULAR,SOUTH
C0343,Catherine Saunders MD,daniel93@example.net,2025-02-12,PREMIUM,NORTH
C0344,Sandra Jones,nhahnexample.com,2025-11-28,REGULAR,SOUTH
C0345,David Moore,ichambers@example.net,2024-10-14,VIP,CENTRAL
C0346,Karen Morales DDS,emccormick@example.com,2025-06-25,REGULAR,WEST
C0347,Robin Wheeler,ystephens@example.com,2023-09-25,PREMIUM,NORTH
C0348,Matthew Williams,rodriguezjohn@example.net,2023-12-07,PREMIUM,CENTRAL
C0349,Brett Walker,vrasmussen@example.com,2025-10-06,VIP,WEST
C0350,Kathryn Cooper,seanmyers@example.net,2025-10-07,REGULAR,EAST
C0351,Todd Thomas,webbkenneth@example.org,2026-01-28,VIP,EAST
C0352,Brent Bowen,matthew38@example.com,2024-02-02,REGULAR,WEST
C0353,Ashley Sweeney,tflores@example.org,2026-06-08,REGULAR,WEST
C0354,Christopher Moore,byrdfrank@example.net,2025-05-26,REGULAR,EAST
C0355,Charlotte Sandoval,omullen@example.com,2023-12-04,VIP,NORTH
C0356,Jeffrey Smith,njohnson@example.org,2024-08-01,PREMIUM,EAST
C0357,Rebecca Herrera,jamiegoodwin@example.org,2024-04-28,REGULAR,NORTH
C0358,Katherine Church,mark71@example.com,2024-08-08,REGULAR,CENTRAL
C0359,Harold Ellis,candice96@example.net,2023-12-02,REGULAR,WEST
C0360,Leslie Powers,lisamccarthy@example.com,2026-01-05,VIP,CENTRAL
C0361,Charles Price,david41@example.org,2025-04-22,VIP,EAST
C0362,Melissa Brewer,baileyhenderson@example.com,2023-11-17,PREMIUM,WEST
C0363,Ryan Harvey,angelaburns@example.org,2025-01-13,VIP,NORTH
C0364,Tracey Wagner,stephanie72@example.org,2023-11-29,PREMIUM,WEST
C0365,Jill Jackson,fortiz@example.com,2023-10-25,PREMIUM,EAST
C0366,Joshua Jackson,flynnjeffrey@example.org,2024-01-01,VIP,CENTRAL
C0367,Ashley Wilson,xcunningham@example.com,2026-02-02,VIP,CENTRAL
C0368,Jeffery Fitzgerald,amber07@example.net,2023-09-23,PREMIUM,CENTRAL
C0369,Scott Miller,kennethkidd@example.com,2025-04-19,VIP,WEST
C0370,Heather Page,rowejoel@example.net,2023-11-04,PREMIUM,NORTH
C0371,Renee Hudson,imartin@example.org,2025-06-03,VIP,NORTH
C0372,Kenneth Farley,candice25@example.net,2024-06-18,REGULAR,SOUTH
C0373,Wendy Camacho,taylorkaren@example.com,2025-12-16,VIP,CENTRAL
C0374,Sandra Juarez,jacquelineanderson@example.org,2025-07-15,PREMIUM,EAST
C0375,Jason Hayes,kburns@example.net,2025-05-23,VIP,CENTRAL
C0376,Jackie Clements,powellkara@example.net,2025-05-16,REGULAR,EAST
C0377,Heather Brown,brandi17@example.net,2025-08-30,PREMIUM,EAST
C0378,Frank Campbell MD,brobinson@example.org,2024-05-03,PREMIUM,NORTH
C0379,Pamela Williams,ashleewashington@example.com,2024-04-15,PREMIUM,EAST
C0380,William Patterson,ksmith@example.com,2025-09-10,REGULAR,CENTRAL
C0381,Isaac Miller,nicoleturner@example.com,2023-12-21,PREMIUM,CENTRAL
C0382,Cynthia Rios,brettgarrett@example.net,2025-05-03,REGULAR,CENTRAL
C0383,Kelly Wallace,smiththomas@example.org,2025-11-14,VIP,EAST
C0384,Karen Perez,dominguezlisaexample.com,2025-03-24,REGULAR,SOUTH
C0385,Edwin Reyes,crosscurtis@example.com,2026-03-22,REGULAR,SOUTH
C0386,Alejandra Santos,darlenebyrd@example.org,2024-05-13,REGULAR,EAST
C0387,Tamara Jensen,nbell@example.net,2024-01-24,VIP,CENTRAL
C0388,Bryce Blair,fheath@example.org,2026-06-13,REGULAR,EAST
C0389,Bradley Tran,sylvia52@example.org,2024-03-25,VIP,WEST
C0390,Katrina Adkins,kimberly04@example.org,2024-07-05,VIP,CENTRAL
C0391,Jonathan Wheeler,debbie37@example.com,2024-06-04,VIP,WEST
C0392,Ryan Fisher,hatfieldsarah@example.org,2025-07-16,VIP,SOUTH
C0393,Austin Baker,kathrynbest@example.org,2025-02-03,VIP,WEST
C0394,Lori Mason,livingstonstacy@example.com,2024-11-01,PREMIUM,WEST
C0395,Kimberly Hernandez,zhenderson@example.org,2024-08-01,PREMIUM,CENTRAL
C0396,Brittney Murphy,collinswilliam@example.org,2026-01-31,PREMIUM,WEST
C0397,Brandon Hamilton,collinssamuel@example.org,2025-11-04,REGULAR,SOUTH
C0398,Mary Thompson,dsalazar@example.com,2024-04-09,PREMIUM,NORTH
C0399,Gregory Holmes PhD,zimmermanjacqueline@example.org,2025-07-30,VIP,NORTH
C0400,Patricia Johnson,gary24@example.net,2026-05-22,REGULAR,EAST
C0401,Laura Jones,enelson@example.com,2024-05-24,PREMIUM,WEST
C0402,Carol Moore,ddixon@example.com,2024-04-27,PREMIUM,NORTH
C0403,Jordan Williams,shannonemily@example.org,2024-09-27,PREMIUM,EAST
C0404,Cassidy Horne,sanchezthomas@example.com,2025-10-27,REGULAR,WEST
C0405,Courtney Wright,tranrobin@example.net,2024-10-25,PREMIUM,NORTH
C0406,Michael Williams,joseph19@example.com,2023-08-27,PREMIUM,NORTH
C0407,John Campbell,lindajarvis@example.com,2025-05-17,REGULAR,SOUTH
C0408,Eddie Mueller,mark87@example.org,2026-02-22,VIP,SOUTH
C0409,Dr. Morgan Payne PhD,stevenvargas@example.com,2026-02-15,PREMIUM,CENTRAL
C0410,Makayla Steele,adamortizexample.org,2023-12-10,REGULAR,EAST
C0411,Oscar Parker,tapiaaaron@example.net,2024-05-02,VIP,CENTRAL
C0412,Valerie Thomas,alyssaallen@example.com,2024-02-13,PREMIUM,SOUTH
C0413,Jacqueline Villegas,christopher38@example.com,2023-10-06,REGULAR,WEST
C0414,Angela Bradley,carpenterwilliam@example.net,2026-01-22,REGULAR,NORTH
C0415,Samuel Howe,ibates@example.org,2026-04-19,VIP,CENTRAL
C0416,Dillon Jones,vhaynesexample.com,2026-05-21,VIP,SOUTH
C0417,Christopher Owens,derekcarrillo@example.org,2025-02-16,PREMIUM,NORTH
C0418,John Phelps,wmartinez@example.org,2024-11-04,VIP,WEST
C0419,Amanda Huff,mooregina@example.net,2023-12-23,VIP,EAST
C0420,Megan Green,eddie35@example.com,2026-06-12,VIP,CENTRAL
C0421,Krista Davis,anthonysullivan@example.com,2026-05-05,VIP,NORTH
C0422,Richard Walker,laradonald@example.org,2026-02-17,REGULAR,WEST
C0423,Angela Willis,madisonwatson@example.net,2024-12-01,VIP,NORTH
C0424,Carl Stein,johnsoncaleb@example.net,2023-11-16,PREMIUM,SOUTH
C0425,Jessica Ramsey,david70@example.org,2024-01-29,VIP,EAST
C0426,Daniel Lopez,rjohnson@example.com,2025-06-21,VIP,EAST
C0427,Danielle Phillips,sean20@example.net,2024-06-23,VIP,WEST
C0428,James Barnes,eandrade@example.org,2026-03-07,VIP,SOUTH
C0429,Rachael Howard DDS,crystalpham@example.org,2023-11-07,VIP,WEST
C0430,Devin Johnson,kcooper@example.net,2024-08-16,REGULAR,SOUTH
C0431,William Moreno,anthonycochran@example.com,2025-04-07,PREMIUM,CENTRAL
C0432,Joseph Moody,terrigarcia@example.net,2026-02-24,PREMIUM,NORTH
C0433,Rebecca Kelly,gallagherstacie@example.net,2024-07-26,PREMIUM,EAST
C0434,Suzanne Johnson,gregorywatkins@example.net,2023-10-06,VIP,EAST
C0435,Sara Cochran,stacey92@example.net,2025-07-23,PREMIUM,WEST
C0436,Anthony Guzman,lweaver@example.com,2025-08-30,PREMIUM,SOUTH
C0437,Carlos Love,foxaaron@example.net,2026-04-14,PREMIUM,CENTRAL
C0438,Patricia Mathis,brian29@example.net,2023-12-17,VIP,WEST
C0439,Eric Taylor,susan56@example.net,2024-07-04,VIP,EAST
C0440,Marie Thompson,jessicakim@example.net,2023-12-11,PREMIUM,EAST
C0441,Michael Anderson,jeffrey92@example.com,2025-11-19,REGULAR,WEST
C0442,Patricia Bradley,rushstacy@example.com,2023-09-25,VIP,EAST
C0443,Keith Zuniga,carriemccall@example.net,2025-12-07,PREMIUM,NORTH
C0444,Mrs. Stacey Davis,markmiller@example.com,2025-10-09,PREMIUM,CENTRAL
C0445,Hayley Buchanan,sean43@example.org,2024-05-23,REGULAR,SOUTH
C0446,Stacey Snyder,williamssamuel@example.com,2025-12-14,REGULAR,SOUTH
C0447,Rachel Lane,ybell@example.org,2025-07-20,PREMIUM,WEST
C0448,Fernando Lynn,franciscojones@example.org,2023-09-05,VIP,SOUTH
C0449,Kimberly Villanueva,petersonpamela@example.org,2025-07-29,PREMIUM,WEST
C0450,Jessica Valdez,morgantricia@example.com,2024-04-07,VIP,EAST
C0451,Colton Terry,gmoore@example.com,2025-01-21,REGULAR,NORTH
C0452,Kenneth Larsen,donna43@example.org,2024-07-16,PREMIUM,CENTRAL
C0453,Matthew Greene,briansmith@example.org,2024-02-27,PREMIUM,EAST
C0454,Bradley Anthony,collinclark@example.net,2024-09-12,VIP,EAST
C0455,Martin Hughes,kristen77@example.net,2026-04-01,REGULAR,NORTH
C0456,Jeremiah Baker,nicole52@example.com,2023-11-29,PREMIUM,SOUTH
C0457,Rhonda Gutierrez,anne21@example.org,2025-12-28,REGULAR,EAST
C0458,Joseph Camacho,angelarandall@example.net,2023-11-10,VIP,CENTRAL
C0459,James Nash,parmstrong@example.com,2025-03-06,REGULAR,SOUTH
C0460,Lisa Martinez,shawrachel@example.net,2026-05-07,REGULAR,NORTH
C0461,Beth Henderson,kthompson@example.org,2024-04-10,REGULAR,WEST
C0462,Deanna Bartlett,oharris@example.org,2025-07-25,PREMIUM,CENTRAL
C0463,Donald Ellis,millerangela@example.net,2023-12-24,REGULAR,EAST
C0464,Ashley Hernandez,buchanancindy@example.net,2026-03-07,VIP,WEST
C0465,Sharon Beard,buckleyanna@example.org,2023-11-29,REGULAR,EAST
C0466,Kara Jackson,pbaker@example.com,2026-01-07,PREMIUM,CENTRAL
C0467,Amanda Preston,mthomas@example.net,2024-07-07,REGULAR,WEST
C0468,Alicia Roth,hannah07@example.com,2023-10-22,REGULAR,CENTRAL
C0469,William Ramos,larry71@example.org,2024-06-02,REGULAR,EAST
C0470,Jeremy Mcintyre,joseph69@example.net,2024-10-04,PREMIUM,CENTRAL
C0471,Samantha Robertson,wfigueroa@example.net,2023-12-09,PREMIUM,SOUTH
C0472,Samuel Suarez,cameronmckinney@example.com,2025-01-13,REGULAR,EAST
C0473,Danielle Bryant,thompsonnancy@example.org,2024-01-08,VIP,SOUTH
C0474,Madison Martinez,janet45@example.com,2024-05-11,REGULAR,CENTRAL
C0475,Seth Matthews,allentracy@example.com,2025-05-22,VIP,NORTH
C0476,Anthony Nash,max41@example.com,2023-08-28,REGULAR,NORTH
C0477,Matthew Palmer,mercedesholland@example.net,2024-12-24,VIP,SOUTH
C0478,Alejandra King,wellsdavid@example.org,2025-10-31,VIP,NORTH
C0479,Judy Robinson,jennifer46@example.com,2025-02-13,VIP,EAST
C0480,Jorge Bates,erica96@example.net,2025-10-09,PREMIUM,WEST
C0481,Brian Brown,anna99@example.com,2023-10-31,REGULAR,WEST
C0482,Stephanie Evans,danielle44@example.net,2026-02-06,REGULAR,EAST
C0483,Rebekah Greene,zacharyallen@example.org,2025-04-01,VIP,EAST
C0484,Jason Price,erin07@example.com,2025-06-07,PREMIUM,SOUTH
C0485,Micheal Parks,aguilarwanda@example.org,2026-05-20,VIP,NORTH
C0486,Sarah Pittman,qknox@example.com,2026-02-10,REGULAR,EAST
C0487,Robert Hines,kellyruiz@example.net,2024-04-14,REGULAR,NORTH
C0488,Henry Garner,staceylam@example.net,2025-08-25,VIP,WEST
C0489,Julie Wilson,robert55@example.com,2024-05-23,PREMIUM,CENTRAL
C0490,Steve Mason,delacruzbrandy@example.net,2024-07-23,REGULAR,WEST
C0491,Brittany Gay,amoreno@example.org,2026-02-11,PREMIUM,EAST
C0492,Mike Maxwell,robert97@example.org,2024-01-01,PREMIUM,CENTRAL
C0493,Abigail Hill,lcook@example.com,2024-11-05,REGULAR,CENTRAL
C0494,Jeffrey Jordan,barbaramoore@example.org,2023-10-12,PREMIUM,WEST
C0495,Curtis Watson,ysanford@example.org,2026-02-18,PREMIUM,CENTRAL
C0496,Michael Sims,mcclainkatherineexample.net,2024-02-06,PREMIUM,SOUTH
C0497,James Chapman,jeremywiley@example.com,2025-07-19,PREMIUM,EAST
C0498,Joseph Warren,cameronwilliams@example.com,2023-10-13,VIP,CENTRAL
C0499,Katherine Christensen MD,ibarron@example.com,2025-02-11,REGULAR,WEST
C0500,Mrs. Alison Wagner,osmith@example.net,2025-01-23,VIP,CENTRAL
