Row ID,Order ID,Order Date,Ship Date,Ship Mode,Customer ID,Customer Name,Segment,Country,City,State,Postal Code,Region,Product ID,Category,Sub-Category,Product Name,Sales,Quantity,Discount,Profit,Total Amount
9795,CA-2014-127166,5/21/2014,5/23/2014,Second Class,KH-16360,Katherine Hughes,Consumer,United States,Houston,Texas,77070,Central,OFF-BI-10000977,Office Supplies,Binders,Ibico Plastic Spiral Binding Combs,20.06,3,0.8,-31.008,60.18
9796,CA-2016-125920,5/21/2016,5/28/2016,Standard Class,SH-19975,Sally Hughsby,Corporate,United States,Chicago,Illinois,60610,Central,OFF-BI-10003429,Office Supplies,Binders,"Cardinal HOLDit! Binder Insert Strips,Extra Strips",4.18,3,0.8,-5.8869,12.54
9797,CA-2015-128608,1/12/2015,1/17/2015,Standard Class,CS-12490,Cindy Schnelling,Corporate,United States,Toledo,Ohio,43615,East,OFF-AR-10001374,Office Supplies,Art,"BIC Brite Liner Highlighters, Chisel Tip",11.4,2,0.2,1.5552,22.8
9798,CA-2015-128608,1/12/2015,1/17/2015,Standard Class,CS-12490,Cindy Schnelling,Corporate,United States,Toledo,Ohio,43615,East,TEC-PH-10004977,Technology,Phones,GE 30524EE4,258.71,2,0.4,-43.1178,517.42
9799,CA-2015-128608,1/12/2015,1/17/2015,Standard Class,CS-12490,Cindy Schnelling,Corporate,United States,Toledo,Ohio,43615,East,TEC-PH-10000912,Technology,Phones,Anker 24W Portable Micro USB Car Charger,29.01,4,0.4,2.6376,116.04
9800,CA-2015-128608,1/12/2015,1/17/2015,Standard Class,CS-12490,Cindy Schnelling,Corporate,United States,Toledo,Ohio,43615,East,TEC-AC-10000487,Technology,Accessories,SanDisk Cruzer 4 GB USB Flash Drive,11.42,2,0.2,2.2066,22.84
9801,CA-2015-128608,1/12/2015,1/17/2015,Standard Class,CS-12490,Cindy Schnelling,Corporate,United States,Toledo,Ohio,43615,East,TEC-PH-10002262,Technology,Phones,LG Electronics Tone+ HBS-730 Bluetooth Headset,117.83,3,0.4,-21.4236,353.49
9802,CA-2017-137918,9/29/2017,10/6/2017,Standard Class,JK-15730,Joe Kamberova,Consumer,United States,Lodi,California,95240,West,OFF-SU-10000898,Office Supplies,Supplies,"Acme Hot Forged Carbon Steel Scissors with Nickel-Plated Handles, 3 7/8"" Cut, 8""L",107.03,7,0.0,28.217,749.21
9803,CA-2015-122973,7/18/2015,7/20/2015,Second Class,PJ-19015,Pauline Johnson,Consumer,United States,New York City,New York,10024,East,OFF-BI-10004182,Office Supplies,Binders,Economy Binders,3.66,2,0.2,1.2064,7.32
9804,CA-2015-122973,7/18/2015,7/20/2015,Second Class,PJ-19015,Pauline Johnson,Consumer,United States,New York City,New York,10024,East,TEC-PH-10002468,Technology,Phones,"Plantronics CS 50-USB - headset - Convertible, Monaural",149.59,1,0.0,36.7173,149.59
9805,CA-2015-122973,7/18/2015,7/20/2015,Second Class,PJ-19015,Pauline Johnson,Consumer,United States,New York City,New York,10024,East,FUR-FU-10002364,Furniture,Furnishings,"Eldon Expressions Wood Desk Accessories, Oak",8.12,1,0.0,2.1402,8.12
9806,CA-2016-136322,10/21/2016,10/26/2016,Standard Class,AP-10720,Anne Pryor,Home Office,United States,Fort Lauderdale,Florida,33311,South,FUR-FU-10002878,Furniture,Furnishings,"Seth Thomas 14"" Day/Date Wall Clock",50.12,2,0.2,9.6832,100.24
9807,CA-2016-136322,10/21/2016,10/26/2016,Standard Class,AP-10720,Anne Pryor,Home Office,United States,Fort Lauderdale,Florida,33311,South,OFF-BI-10004817,Office Supplies,Binders,GBC Personal VeloBind Strips,31.63,8,0.7,-21.0848,253.04
9808,CA-2017-107209,7/27/2017,8/1/2017,Second Class,JW-15955,Joni Wasserman,Consumer,United States,Raleigh,North Carolina,27604,South,FUR-CH-10001146,Furniture,Chairs,"Global Value Mid-Back Manager's Chair, Gray",214.33,4,0.2,12.178,857.32
9809,CA-2017-145093,7/21/2017,7/26/2017,Standard Class,PT-19090,Pete Takahito,Consumer,United States,Chicago,Illinois,60623,Central,OFF-BI-10001116,Office Supplies,Binders,"Wilson Jones 1"" Hanging DublLock Ring Binders",2.32,2,0.8,-3.3792,4.64
9810,US-2014-139640,11/7/2014,11/11/2014,Second Class,TB-21595,Troy Blackwell,Consumer,United States,Portland,Oregon,97206,West,OFF-PA-10000304,Office Supplies,Paper,Xerox 1995,28.51,5,0.2,9.072,142.55
9811,US-2014-139640,11/7/2014,11/11/2014,Second Class,TB-21595,Troy Blackwell,Consumer,United States,Portland,Oregon,97206,West,OFF-AR-10002240,Office Supplies,Art,Panasonic KP-150 Electric Pencil Sharpener,132.84,4,0.2,9.0576,531.36
9812,CA-2016-117583,11/27/2016,11/30/2016,First Class,CB-12025,Cassandra Brandow,Consumer,United States,East Orange,New Jersey,7017,East,OFF-PA-10001246,Office Supplies,Paper,Xerox 215,28.51,4,0.0,12.4416,114.04
9813,CA-2016-117583,11/27/2016,11/30/2016,First Class,CB-12025,Cassandra Brandow,Consumer,United States,East Orange,New Jersey,7017,East,OFF-AR-10000658,Office Supplies,Art,Newell 324,38.12,3,0.0,9.702,114.36
9814,CA-2016-117583,11/27/2016,11/30/2016,First Class,CB-12025,Cassandra Brandow,Consumer,United States,East Orange,New Jersey,7017,East,OFF-PA-10000100,Office Supplies,Paper,Xerox 1945,225.44,5,0.0,100.4255,1127.2
9815,CA-2016-117583,11/27/2016,11/30/2016,First Class,CB-12025,Cassandra Brandow,Consumer,United States,East Orange,New Jersey,7017,East,OFF-BI-10004233,Office Supplies,Binders,"GBC Pre-Punched Binding Paper, Plastic, White, 8-1/2"" x 11""",87.94,5,0.0,38.376,439.7
9816,CA-2015-162201,6/8/2015,6/12/2015,Standard Class,AG-10495,Andrew Gjertsen,Corporate,United States,Saint Petersburg,Florida,33710,South,OFF-PA-10002581,Office Supplies,Paper,Xerox 1951,190.84,7,0.2,54.215,1335.88
9817,CA-2015-162201,6/8/2015,6/12/2015,Standard Class,AG-10495,Andrew Gjertsen,Corporate,United States,Saint Petersburg,Florida,33710,South,OFF-ST-10000046,Office Supplies,Storage,Fellowes Super Stor/Drawer Files,568.66,4,0.2,-6.462,2274.64
9818,CA-2015-162201,6/8/2015,6/12/2015,Standard Class,AG-10495,Andrew Gjertsen,Corporate,United States,Saint Petersburg,Florida,33710,South,FUR-FU-10001185,Furniture,Furnishings,"Advantus Employee of the Month Certificate Frame, 11 x 13-1/2",190.53,7,0.2,45.4671,1333.71
9819,CA-2015-162201,6/8/2015,6/12/2015,Standard Class,AG-10495,Andrew Gjertsen,Corporate,United States,Saint Petersburg,Florida,33710,South,OFF-AR-10003856,Office Supplies,Art,Newell 344,4.89,2,0.2,0.3336,9.78
9820,CA-2015-162201,6/8/2015,6/12/2015,Standard Class,AG-10495,Andrew Gjertsen,Corporate,United States,Saint Petersburg,Florida,33710,South,OFF-LA-10001982,Office Supplies,Labels,Smead Alpha-Z Color-Coded Name Labels First Letter Starter Set,9.9,3,0.2,3.15,29.7
9821,CA-2015-162201,6/8/2015,6/12/2015,Standard Class,AG-10495,Andrew Gjertsen,Corporate,United States,Saint Petersburg,Florida,33710,South,OFF-PA-10001215,Office Supplies,Paper,Xerox 1963,46.46,10,0.2,13.2,464.6
9822,CA-2015-162201,6/8/2015,6/12/2015,Standard Class,AG-10495,Andrew Gjertsen,Corporate,United States,Saint Petersburg,Florida,33710,South,OFF-BI-10002429,Office Supplies,Binders,"Premier Elliptical Ring Binder, Black",20.09,2,0.7,-13.3936,40.18
9823,US-2014-164406,8/15/2014,8/19/2014,Standard Class,BD-11605,Brian Dahlen,Consumer,United States,San Francisco,California,94122,West,OFF-AP-10003287,Office Supplies,Appliances,Tripp Lite TLP810NET Broadband Surge for Modem/Fax,168.2,3,0.0,42.8148,504.6
9824,US-2014-164406,8/15/2014,8/19/2014,Standard Class,BD-11605,Brian Dahlen,Consumer,United States,San Francisco,California,94122,West,OFF-PA-10000167,Office Supplies,Paper,Xerox 1925,102.23,3,0.0,41.823,306.69
9825,US-2014-164406,8/15/2014,8/19/2014,Standard Class,BD-11605,Brian Dahlen,Consumer,United States,San Francisco,California,94122,West,OFF-BI-10002309,Office Supplies,Binders,Avery Heavy-Duty EZD  Binder With Locking Rings,19.64,4,0.2,6.2496,78.56
9826,US-2014-164406,8/15/2014,8/19/2014,Standard Class,BD-11605,Brian Dahlen,Consumer,United States,San Francisco,California,94122,West,OFF-BI-10003638,Office Supplies,Binders,GBC Durable Plastic Covers,51.08,3,0.2,15.093,153.24
9827,US-2014-164406,8/15/2014,8/19/2014,Standard Class,BD-11605,Brian Dahlen,Consumer,United States,San Francisco,California,94122,West,FUR-CH-10003833,Furniture,Chairs,Novimex Fabric Task Chair,214.65,4,0.2,-12.196,858.6
9828,CA-2017-169999,6/19/2017,6/26/2017,Standard Class,JS-15685,Jim Sink,Corporate,United States,New York City,New York,10035,East,OFF-ST-10001511,Office Supplies,Storage,Space Solutions Commercial Steel Shelving,142.23,2,0.0,6.465,284.46
9829,CA-2017-169999,6/19/2017,6/26/2017,Standard Class,JS-15685,Jim Sink,Corporate,United States,New York City,New York,10035,East,OFF-BI-10004728,Office Supplies,Binders,Wilson Jones Turn Tabs Binder Tool for Ring Binders,12.72,3,0.2,3.7596,38.16
9830,US-2017-152842,7/16/2017,7/23/2017,Standard Class,NF-18385,Natalie Fritzler,Consumer,United States,Charlotte,North Carolina,28205,South,FUR-CH-10004218,Furniture,Chairs,"Global Fabric Manager's Chair, Dark Gray",266.59,3,0.2,15.147,799.77
9831,CA-2014-113257,12/16/2014,12/18/2014,Second Class,SC-20305,Sean Christensen,Consumer,United States,Beaumont,Texas,77705,Central,TEC-AC-10004171,Technology,Accessories,Razer Kraken 7.1 Surround Sound Over Ear USB Gaming Headset,351.96,4,0.2,95.9904,1407.84
9832,CA-2014-113257,12/16/2014,12/18/2014,Second Class,SC-20305,Sean Christensen,Consumer,United States,Beaumont,Texas,77705,Central,FUR-FU-10001706,Furniture,Furnishings,Longer-Life Soft White Bulbs,9.49,7,0.6,-2.5872,66.43
9833,CA-2014-133963,5/18/2014,5/22/2014,Second Class,GA-14515,George Ashbrook,Consumer,United States,Dallas,Texas,75220,Central,OFF-PA-10001526,Office Supplies,Paper,Xerox 1949,4.38,1,0.2,1.4442,4.38
9834,CA-2017-130302,9/14/2017,9/19/2017,Standard Class,CY-12745,Craig Yedwab,Corporate,United States,Springfield,Ohio,45503,East,TEC-AC-10002001,Technology,Accessories,Logitech Wireless Gaming Headset G930,985.54,7,0.2,190.3881,6898.78
9835,CA-2016-126627,10/10/2016,10/12/2016,First Class,WB-21850,William Brown,Consumer,United States,La Porte,Texas,77571,Central,FUR-FU-10004963,Furniture,Furnishings,"Eldon 400 Class Desk Accessories, Black Carbon",15.4,4,0.6,-6.3,61.6
9836,CA-2016-126627,10/10/2016,10/12/2016,First Class,WB-21850,William Brown,Consumer,United States,La Porte,Texas,77571,Central,OFF-BI-10001597,Office Supplies,Binders,"Wilson Jones Ledger-Size, Piano-Hinge Binder, 2"", Blue",18.03,2,0.8,-26.2272,36.06
9837,US-2016-125402,9/25/2016,10/1/2016,Standard Class,DL-12865,Dan Lawera,Consumer,United States,Long Beach,California,90805,West,OFF-PA-10000141,Office Supplies,Paper,"Ampad Evidence Wirebond Steno Books, 6"" x 9""",11.99,5,0.0,5.123,59.95
9838,US-2016-125402,9/25/2016,10/1/2016,Standard Class,DL-12865,Dan Lawera,Consumer,United States,Long Beach,California,90805,West,OFF-LA-10003923,Office Supplies,Labels,Alphabetical Labels for Top Tab Filing,32.56,2,0.0,14.8,65.12
9839,US-2016-125402,9/25/2016,10/1/2016,Standard Class,DL-12865,Dan Lawera,Consumer,United States,Long Beach,California,90805,West,OFF-LA-10001771,Office Supplies,Labels,Avery 513,5.48,1,0.0,2.2908,5.48
9840,US-2016-125402,9/25/2016,10/1/2016,Standard Class,DL-12865,Dan Lawera,Consumer,United States,Long Beach,California,90805,West,TEC-CO-10001943,Technology,Copiers,Canon PC-428 Personal Copier,527.97,3,0.2,161.9919,1583.91
9841,US-2016-125402,9/25/2016,10/1/2016,Standard Class,DL-12865,Dan Lawera,Consumer,United States,Long Beach,California,90805,West,TEC-PH-10003356,Technology,Phones,"SmartStand Mobile Device Holder, Assorted Colors",49.21,8,0.2,4.4736,393.68
9842,US-2016-125402,9/25/2016,10/1/2016,Standard Class,DL-12865,Dan Lawera,Consumer,United States,Long Beach,California,90805,West,OFF-AR-10002255,Office Supplies,Art,Newell 346,6.34,2,0.0,1.6704,12.68
9843,US-2016-125402,9/25/2016,10/1/2016,Standard Class,DL-12865,Dan Lawera,Consumer,United States,Long Beach,California,90805,West,FUR-CH-10000665,Furniture,Chairs,"Global Airflow Leather Mesh Back Chair, Black",531.45,4,0.2,60.392,2125.8
9844,CA-2014-163867,6/3/2014,6/6/2014,First Class,RE-19450,Richard Eichhorn,Consumer,United States,Decatur,Illinois,62521,Central,OFF-LA-10001771,Office Supplies,Labels,Avery 513,17.53,4,0.2,5.1792,70.12
9845,CA-2014-163867,6/3/2014,6/6/2014,First Class,RE-19450,Richard Eichhorn,Consumer,United States,Decatur,Illinois,62521,Central,FUR-FU-10001475,Furniture,Furnishings,"Contract Clock, 14"", Brown",67.7,7,0.6,-40.0036,473.9
9846,CA-2014-163867,6/3/2014,6/6/2014,First Class,RE-19450,Richard Eichhorn,Consumer,United States,Decatur,Illinois,62521,Central,OFF-ST-10000877,Office Supplies,Storage,Recycled Steel Personal File for Standard File Folders,145.97,3,0.2,9.9522,437.91
9847,CA-2017-169327,9/2/2017,9/4/2017,Second Class,MH-17290,Marc Harrigan,Home Office,United States,Los Angeles,California,90008,West,OFF-AP-10001492,Office Supplies,Appliances,"Acco Six-Outlet Power Strip, 4' Cord Length",47.41,5,0.0,11.206,237.05
9848,CA-2017-169327,9/2/2017,9/4/2017,Second Class,MH-17290,Marc Harrigan,Home Office,United States,Los Angeles,California,90008,West,FUR-FU-10004188,Furniture,Furnishings,Luxo Professional Combination Clamp-On Lamps,562.65,5,0.0,132.99,2813.25
9849,CA-2017-169327,9/2/2017,9/4/2017,Second Class,MH-17290,Marc Harrigan,Home Office,United States,Los Angeles,California,90008,West,OFF-BI-10004330,Office Supplies,Binders,"GBC Velobind Prepunched Cover Sets, Regency Series",162.71,5,0.2,46.225,813.55
9850,CA-2014-142979,4/12/2014,4/18/2014,Standard Class,EH-13765,Edward Hooks,Corporate,United States,Lodi,California,95240,West,OFF-AR-10002987,Office Supplies,Art,Prismacolor Color Pencil Set,43.65,2,0.0,16.2688,87.3
9851,CA-2016-158155,5/2/2016,5/6/2016,Standard Class,EH-13765,Edward Hooks,Corporate,United States,New York City,New York,10009,East,FUR-FU-10000732,Furniture,Furnishings,Eldon 200 Class Desk Accessories,13.82,2,0.0,4.0192,27.64
9852,CA-2016-158155,5/2/2016,5/6/2016,Standard Class,EH-13765,Edward Hooks,Corporate,United States,New York City,New York,10009,East,OFF-BI-10001670,Office Supplies,Binders,Vinyl Sectional Post Binders,99.53,3,0.2,33.93,298.59
9853,CA-2016-158155,5/2/2016,5/6/2016,Standard Class,EH-13765,Edward Hooks,Corporate,United States,New York City,New York,10009,East,OFF-PA-10000533,Office Supplies,Paper,Southworth Parchment Paper & Envelopes,14.39,2,0.0,6.0168,28.78
9854,CA-2016-158155,5/2/2016,5/6/2016,Standard Class,EH-13765,Edward Hooks,Corporate,United States,New York City,New York,10009,East,FUR-FU-10002253,Furniture,Furnishings,"Howard Miller 13"" Diameter Pewter Finish Round Wall Clock",236.17,5,0.0,83.733,1180.85
9855,CA-2017-138870,6/19/2017,6/23/2017,Standard Class,GA-14515,George Ashbrook,Consumer,United States,San Francisco,California,94109,West,FUR-FU-10002396,Furniture,Furnishings,"DAX Copper Panel Document Frame, 5 x 7 Size",55.35,4,0.0,21.1344,221.4
9856,CA-2017-138870,6/19/2017,6/23/2017,Standard Class,GA-14515,George Ashbrook,Consumer,United States,San Francisco,California,94109,West,OFF-PA-10004438,Office Supplies,Paper,Xerox 1907,27.02,2,0.0,11.5432,54.04
9857,CA-2014-120950,11/6/2014,11/11/2014,Standard Class,GA-14515,George Ashbrook,Consumer,United States,Columbus,Georgia,31907,South,OFF-PA-10000587,Office Supplies,Paper,"Array Parchment Paper, Assorted Colors",48.05,6,0.0,20.9664,288.3
9858,CA-2015-164301,3/26/2015,3/30/2015,Standard Class,EB-13840,Ellis Ballard,Corporate,United States,Seattle,Washington,98103,West,FUR-TA-10001889,Furniture,Tables,Bush Advantage Collection Racetrack Conference Table,3733.05,8,0.0,610.8624,29864.4
9859,CA-2017-113278,1/14/2017,1/20/2017,Standard Class,HR-14770,Hallie Redmond,Home Office,United States,Richmond,Indiana,47374,Central,OFF-ST-10001590,Office Supplies,Storage,"Tenex Personal Project File with Scoop Front Design, Black",74.14,5,0.0,17.524,370.7
9860,CA-2017-113278,1/14/2017,1/20/2017,Standard Class,HR-14770,Hallie Redmond,Home Office,United States,Richmond,Indiana,47374,Central,OFF-FA-10003472,Office Supplies,Fasteners,Bagged Rubber Bands,2.77,2,0.0,0.1008,5.54
9861,CA-2017-113278,1/14/2017,1/20/2017,Standard Class,HR-14770,Hallie Redmond,Home Office,United States,Richmond,Indiana,47374,Central,TEC-PH-10000169,Technology,Phones,ARKON Windshield Dashboard Air Vent Car Mount Holder,74.58,4,0.0,1.356,298.32
9862,CA-2017-113278,1/14/2017,1/20/2017,Standard Class,HR-14770,Hallie Redmond,Home Office,United States,Richmond,Indiana,47374,Central,OFF-ST-10002562,Office Supplies,Storage,Staple magnet,20.64,2,0.0,5.2528,41.28
9863,CA-2017-113278,1/14/2017,1/20/2017,Standard Class,HR-14770,Hallie Redmond,Home Office,United States,Richmond,Indiana,47374,Central,TEC-AC-10001445,Technology,Accessories,Imation USB 2.0 Swivel Flash Drive USB flash drive - 4 GB - Pink,13.33,4,0.0,2.5452,53.32
9864,CA-2017-113278,1/14/2017,1/20/2017,Standard Class,HR-14770,Hallie Redmond,Home Office,United States,Richmond,Indiana,47374,Central,OFF-PA-10004156,Office Supplies,Paper,Xerox 188,12.47,1,0.0,5.5566,12.47
9865,CA-2017-113278,1/14/2017,1/20/2017,Standard Class,HR-14770,Hallie Redmond,Home Office,United States,Richmond,Indiana,47374,Central,TEC-AC-10004469,Technology,Accessories,Microsoft Sculpt Comfort Mouse,175.78,4,0.0,70.312,703.12
9866,CA-2017-113278,1/14/2017,1/20/2017,Standard Class,HR-14770,Hallie Redmond,Home Office,United States,Richmond,Indiana,47374,Central,FUR-FU-10001037,Furniture,Furnishings,"DAX Charcoal/Nickel-Tone Document Frame, 5 x 7",20.86,2,0.0,8.532,41.72
9867,US-2015-116981,3/26/2015,3/28/2015,Second Class,SM-20950,Suzanne McNair,Corporate,United States,New York City,New York,10009,East,OFF-ST-10002615,Office Supplies,Storage,"Dual Level, Single-Width Filing Carts",1193.96,7,0.0,282.2092,8357.72
9868,US-2015-116981,3/26/2015,3/28/2015,Second Class,SM-20950,Suzanne McNair,Corporate,United States,New York City,New York,10009,East,OFF-AP-10000595,Office Supplies,Appliances,Disposable Triple-Filter Dust Bags,14.42,3,0.0,3.4086,43.26
9869,CA-2014-114195,11/1/2014,11/3/2014,First Class,EA-14035,Erin Ashbrook,Corporate,United States,Mason,Ohio,45040,East,FUR-FU-10002253,Furniture,Furnishings,"Howard Miller 13"" Diameter Pewter Finish Round Wall Clock",75.57,2,0.2,16.3172,151.14
9870,CA-2014-114195,11/1/2014,11/3/2014,First Class,EA-14035,Erin Ashbrook,Corporate,United States,Mason,Ohio,45040,East,OFF-BI-10000494,Office Supplies,Binders,Acco Economy Flexible Poly Round Ring Binder,3.45,2,0.7,-2.61,6.9
9871,CA-2014-114195,11/1/2014,11/3/2014,First Class,EA-14035,Erin Ashbrook,Corporate,United States,Mason,Ohio,45040,East,OFF-BI-10001658,Office Supplies,Binders,GBC Standard Therm-A-Bind Covers,24.67,3,0.7,-17.9424,74.01
9872,CA-2017-146269,10/6/2017,10/6/2017,Same Day,MH-17455,Mark Hamilton,Consumer,United States,Chicago,Illinois,60623,Central,OFF-ST-10003208,Office Supplies,Storage,Adjustable Depth Letter/Legal Cart,319.37,2,0.2,32.6628,638.74
9873,CA-2017-146269,10/6/2017,10/6/2017,Same Day,MH-17455,Mark Hamilton,Consumer,United States,Chicago,Illinois,60623,Central,OFF-AR-10004790,Office Supplies,Art,Staples in misc. colors,21.07,2,0.2,1.197,42.14
9874,CA-2016-100587,12/10/2016,12/14/2016,Standard Class,SL-20155,Sara Luxemburg,Home Office,United States,New York City,New York,10024,East,OFF-PA-10004609,Office Supplies,Paper,Xerox 221,7.13,1,0.0,3.1104,7.13
9875,CA-2016-166653,9/22/2016,9/24/2016,Second Class,NP-18685,Nora Pelletier,Home Office,United States,Parma,Ohio,44134,East,OFF-EN-10003055,Office Supplies,Envelopes,"Blue String-Tie & Button Interoffice Envelopes, 10 x 13",70.36,2,0.2,19.99,140.72
9876,CA-2015-130855,12/29/2015,1/5/2016,Standard Class,RF-19840,Roy Französisch,Consumer,United States,New York City,New York,10035,East,OFF-SU-10003936,Office Supplies,Supplies,Acme Serrated Blade Letter Opener,7.0,2,0.0,0.0636,14.0
9877,US-2017-166324,4/20/2017,4/21/2017,First Class,BE-11455,Brad Eason,Home Office,United States,Cleveland,Ohio,44105,East,OFF-ST-10000078,Office Supplies,Storage,Tennsco 6- and 18-Compartment Lockers,933.4,4,0.2,-21.2136,3733.6
9878,US-2017-166324,4/20/2017,4/21/2017,First Class,BE-11455,Brad Eason,Home Office,United States,Cleveland,Ohio,44105,East,OFF-BI-10000174,Office Supplies,Binders,"Wilson Jones Clip & Carry Folder Binder Tool for Ring Binders, Clear",9.57,5,0.7,-6.38,47.85
9879,US-2017-166324,4/20/2017,4/21/2017,First Class,BE-11455,Brad Eason,Home Office,United States,Cleveland,Ohio,44105,East,TEC-PH-10004080,Technology,Phones,Avaya 5410 Digital phone,134.62,3,0.4,-24.4764,403.86
9880,CA-2016-122581,8/21/2016,8/25/2016,Standard Class,JK-15370,Jay Kimmel,Consumer,United States,New York City,New York,10035,East,FUR-CH-10002961,Furniture,Chairs,"Leather Task Chair, Black",630.49,7,0.1,63.686,4413.43
9881,CA-2015-104297,5/29/2015,5/31/2015,First Class,CC-12100,Chad Cunningham,Home Office,United States,Cleveland,Ohio,44105,East,OFF-PA-10000474,Office Supplies,Paper,Easy-staple paper,93.56,3,0.2,28.7064,280.68
9882,CA-2014-153927,8/12/2014,8/13/2014,First Class,LL-16840,Lauren Leatherbury,Consumer,United States,Woodstock,Georgia,30188,South,OFF-BI-10000138,Office Supplies,Binders,Acco Translucent Poly Ring Binders,15.44,3,0.0,6.7392,46.32
9883,CA-2014-153927,8/12/2014,8/13/2014,First Class,LL-16840,Lauren Leatherbury,Consumer,United States,Woodstock,Georgia,30188,South,TEC-AC-10000023,Technology,Accessories,"Maxell 74 Minute CD-R Spindle, 50/Pack",299.87,13,0.0,98.1396,3898.31
9884,CA-2014-112291,4/3/2014,4/8/2014,Standard Class,KE-16420,Katrina Edelman,Corporate,United States,Los Angeles,California,90008,West,OFF-EN-10001415,Office Supplies,Envelopes,Staple envelope,12.28,2,0.0,5.58,24.56
9885,CA-2014-112291,4/3/2014,4/8/2014,Standard Class,KE-16420,Katrina Edelman,Corporate,United States,Los Angeles,California,90008,West,TEC-AC-10001284,Technology,Accessories,Enermax Briskie RF Wireless Keyboard and Mouse Combo,68.54,3,0.0,22.4316,205.62
9886,CA-2014-112291,4/3/2014,4/8/2014,Standard Class,KE-16420,Katrina Edelman,Corporate,United States,Los Angeles,California,90008,West,TEC-AC-10000736,Technology,Accessories,Logitech G600 MMO Gaming Mouse,175.98,2,0.0,57.5928,351.96
9887,CA-2014-146997,1/23/2014,1/27/2014,Standard Class,SG-20605,Speros Goranitis,Consumer,United States,Lafayette,Indiana,47905,Central,OFF-FA-10003467,Office Supplies,Fasteners,"Alliance Big Bands Rubber Bands, 12/Pack",6.53,3,0.0,0.0,19.59
9888,CA-2017-169607,10/12/2017,10/15/2017,First Class,CA-12265,Christina Anderson,Consumer,United States,New York City,New York,10024,East,OFF-PA-10000477,Office Supplies,Paper,Xerox 1952,10.96,2,0.0,4.6812,21.92
9889,CA-2015-127544,8/8/2015,8/12/2015,Standard Class,RD-19585,Rob Dowd,Consumer,United States,Utica,New York,13501,East,TEC-AC-10000736,Technology,Accessories,Logitech G600 MMO Gaming Mouse,87.99,1,0.0,28.7964,87.99
9890,CA-2017-166499,3/19/2017,3/20/2017,First Class,VG-21805,Vivek Grady,Corporate,United States,Lakewood,New Jersey,8701,East,OFF-AR-10002467,Office Supplies,Art,Dixon Ticonderoga Pencils,9.83,3,0.0,2.4138,29.49
9891,US-2016-115441,7/25/2016,7/28/2016,Second Class,SH-19975,Sally Hughsby,Corporate,United States,Milwaukee,Wisconsin,53209,Central,OFF-PA-10004996,Office Supplies,Paper,"Speediset Carbonless Redi-Letter 7"" x 8 1/2""",22.68,2,0.0,9.6914,45.36
9892,US-2016-115441,7/25/2016,7/28/2016,Second Class,SH-19975,Sally Hughsby,Corporate,United States,Milwaukee,Wisconsin,53209,Central,TEC-AC-10003116,Technology,Accessories,Memorex Froggy Flash Drive 8 GB,136.68,7,0.0,48.4575,956.76
9893,US-2016-115441,7/25/2016,7/28/2016,Second Class,SH-19975,Sally Hughsby,Corporate,United States,Milwaukee,Wisconsin,53209,Central,TEC-PH-10002262,Technology,Phones,LG Electronics Tone+ HBS-730 Bluetooth Headset,327.31,5,0.0,83.314,1636.55
9894,US-2016-115441,7/25/2016,7/28/2016,Second Class,SH-19975,Sally Hughsby,Corporate,United States,Milwaukee,Wisconsin,53209,Central,FUR-CH-10004626,Furniture,Chairs,Office Star Flex Back Scooter Chair with Aluminum Finish Frame,443.92,4,0.0,96.8544,1775.68
9895,US-2016-115441,7/25/2016,7/28/2016,Second Class,SH-19975,Sally Hughsby,Corporate,United States,Milwaukee,Wisconsin,53209,Central,FUR-FU-10001756,Furniture,Furnishings,"Eldon Expressions Desk Accessory, Wood Photo Frame, Mahogany",95.2,5,0.0,27.608,476.0
9896,CA-2014-115049,9/26/2014,10/1/2014,Standard Class,MM-17920,Michael Moore,Consumer,United States,Chicago,Illinois,60623,Central,TEC-AC-10004859,Technology,Accessories,"Maxell Pro 80 Minute CD-R, 10/Pack",153.824,11,0.2,38.456,1692.06
9897,CA-2014-156342,6/17/2014,6/20/2014,Second Class,JF-15415,Jennifer Ferguson,Consumer,United States,Chicago,Illinois,60653,Central,OFF-PA-10001725,Office Supplies,Paper,Xerox 1892,62.016,2,0.2,22.4808,124.03
9898,CA-2016-112830,6/6/2016,6/10/2016,Standard Class,LP-17095,Liz Preis,Consumer,United States,Fairfield,Ohio,45014,East,FUR-FU-10004306,Furniture,Furnishings,Electrix Halogen Magnifier Lamp,466.32,3,0.2,34.974,1398.96
9899,CA-2016-112830,6/6/2016,6/10/2016,Standard Class,LP-17095,Liz Preis,Consumer,United States,Fairfield,Ohio,45014,East,FUR-FU-10004845,Furniture,Furnishings,"Deflect-o EconoMat Nonstudded, No Bevel Mat",82.64,2,0.2,0.0,165.28
9900,US-2014-117380,3/28/2014,4/3/2014,Standard Class,MP-18175,Mike Pelletier,Home Office,United States,Springfield,Ohio,45503,East,FUR-TA-10000198,Furniture,Tables,Chromcraft Bull-Nose Wood Oval Conference Tables & Bases,330.588,1,0.4,-143.2548,330.59
9901,CA-2017-117646,8/21/2017,8/25/2017,Standard Class,SC-20845,Sung Chung,Consumer,United States,Louisville,Colorado,80027,West,OFF-ST-10000036,Office Supplies,Storage,"Recycled Data-Pak for Archival Bound Computer Printouts, 12-1/2 x 12-1/2 x 16",237.096,3,0.2,20.7459,711.29
9902,CA-2017-117646,8/21/2017,8/25/2017,Standard Class,SC-20845,Sung Chung,Consumer,United States,Louisville,Colorado,80027,West,FUR-FU-10001037,Furniture,Furnishings,"DAX Charcoal/Nickel-Tone Document Frame, 5 x 7",22.752,3,0.2,7.11,68.26
9903,CA-2017-117646,8/21/2017,8/25/2017,Standard Class,SC-20845,Sung Chung,Consumer,United States,Louisville,Colorado,80027,West,OFF-PA-10001950,Office Supplies,Paper,Southworth 25% Cotton Antique Laid Paper & Envelopes,6.672,1,0.2,2.085,6.67
9904,CA-2014-122609,11/12/2014,11/18/2014,Standard Class,DP-13000,Darren Powers,Consumer,United States,Carrollton,Texas,75007,Central,FUR-FU-10004587,Furniture,Furnishings,"GE General Use Halogen Bulbs, 100 Watts, 1 Bulb per Pack",25.128,3,0.6,-6.9102,75.38
9905,CA-2014-122609,11/12/2014,11/18/2014,Standard Class,DP-13000,Darren Powers,Consumer,United States,Carrollton,Texas,75007,Central,TEC-AC-10002567,Technology,Accessories,Logitech G602 Wireless Gaming Mouse,127.984,2,0.2,25.5968,255.97
9906,US-2015-129007,9/13/2015,9/15/2015,First Class,KD-16615,Ken Dana,Corporate,United States,Anaheim,California,92804,West,FUR-FU-10004973,Furniture,Furnishings,Flat Face Poster Frame,131.88,7,0.0,55.3896,923.16
9907,US-2015-129007,9/13/2015,9/15/2015,First Class,KD-16615,Ken Dana,Corporate,United States,Anaheim,California,92804,West,OFF-BI-10001628,Office Supplies,Binders,"Acco Data Flex Cable Posts For Top & Bottom Load Binders, 6"" Capacity",25.032,3,0.2,7.8225,75.1
9908,US-2015-129007,9/13/2015,9/15/2015,First Class,KD-16615,Ken Dana,Corporate,United States,Anaheim,California,92804,West,FUR-CH-10000155,Furniture,Chairs,Global Comet Stacking Armless Chair,717.72,3,0.2,71.772,2153.16
9909,US-2015-129007,9/13/2015,9/15/2015,First Class,KD-16615,Ken Dana,Corporate,United States,Anaheim,California,92804,West,FUR-FU-10002379,Furniture,Furnishings,Eldon Econocleat Chair Mats for Low Pile Carpets,207.35,5,0.0,24.882,1036.75
9910,US-2015-129007,9/13/2015,9/15/2015,First Class,KD-16615,Ken Dana,Corporate,United States,Anaheim,California,92804,West,FUR-FU-10004018,Furniture,Furnishings,Tensor Computer Mounted Lamp,44.67,3,0.0,12.0609,134.01
9911,US-2015-129007,9/13/2015,9/15/2015,First Class,KD-16615,Ken Dana,Corporate,United States,Anaheim,California,92804,West,OFF-PA-10000994,Office Supplies,Paper,Xerox 1915,209.7,2,0.0,100.656,419.4
9912,US-2014-157231,4/5/2014,4/9/2014,Standard Class,RP-19855,Roy Phan,Corporate,United States,Richmond,Kentucky,40475,South,OFF-BI-10002852,Office Supplies,Binders,Ibico Standard Transparent Covers,115.36,7,0.0,56.5264,807.52
9913,CA-2015-132388,10/10/2015,10/12/2015,First Class,KN-16390,Katherine Nockton,Corporate,United States,Santa Barbara,California,93101,West,FUR-CH-10001714,Furniture,Chairs,"Global Leather & Oak Executive Chair, Burgundy",362.136,3,0.2,-54.3204,1086.41
9914,CA-2015-132388,10/10/2015,10/12/2015,First Class,KN-16390,Katherine Nockton,Corporate,United States,Santa Barbara,California,93101,West,OFF-LA-10000414,Office Supplies,Labels,Avery 503,31.05,3,0.0,14.904,93.15
9915,CA-2017-160927,1/29/2017,1/31/2017,Second Class,TM-21010,Tamara Manning,Consumer,United States,Marion,Iowa,52302,Central,OFF-PA-10003848,Office Supplies,Paper,Xerox 1997,12.96,2,0.0,6.2208,25.92
9916,CA-2017-160927,1/29/2017,1/31/2017,Second Class,TM-21010,Tamara Manning,Consumer,United States,Marion,Iowa,52302,Central,OFF-PA-10000176,Office Supplies,Paper,Xerox 1887,94.85,5,0.0,45.528,474.25
9917,CA-2017-160927,1/29/2017,1/31/2017,Second Class,TM-21010,Tamara Manning,Consumer,United States,Marion,Iowa,52302,Central,OFF-ST-10001590,Office Supplies,Storage,"Tenex Personal Project File with Scoop Front Design, Black",13.48,1,0.0,3.5048,13.48
9918,CA-2017-160927,1/29/2017,1/31/2017,Second Class,TM-21010,Tamara Manning,Consumer,United States,Marion,Iowa,52302,Central,FUR-FU-10000010,Furniture,Furnishings,"DAX Value U-Channel Document Frames, Easel Back",14.91,3,0.0,4.6221,44.73
9919,CA-2015-105508,9/24/2015,9/29/2015,Standard Class,JF-15190,Jamie Frazer,Consumer,United States,New York City,New York,10035,East,OFF-EN-10003055,Office Supplies,Envelopes,"Blue String-Tie & Button Interoffice Envelopes, 10 x 13",39.98,1,0.0,17.991,39.98
9920,CA-2016-149272,3/15/2016,3/19/2016,Standard Class,MY-18295,Muhammed Yedwab,Corporate,United States,Bryan,Texas,77803,Central,FUR-CH-10000863,Furniture,Chairs,Novimex Swivel Fabric Task Chair,528.43,5,0.3,-143.431,2642.15
9921,CA-2016-149272,3/15/2016,3/19/2016,Standard Class,MY-18295,Muhammed Yedwab,Corporate,United States,Bryan,Texas,77803,Central,OFF-BI-10004233,Office Supplies,Binders,"GBC Pre-Punched Binding Paper, Plastic, White, 8-1/2"" x 11""",22.386,7,0.8,-35.8176,156.7
9922,CA-2014-111360,11/24/2014,11/30/2014,Standard Class,AT-10435,Alyssa Tate,Home Office,United States,Akron,Ohio,44312,East,OFF-BI-10003350,Office Supplies,Binders,Acco Expandable Hanging Binders,5.742,3,0.7,-4.5936,17.23
9923,US-2017-162124,5/6/2017,5/10/2017,Standard Class,JF-15490,Jeremy Farry,Consumer,United States,Chicago,Illinois,60653,Central,TEC-AC-10001990,Technology,Accessories,Kensington Orbit Wireless Mobile Trackball for PC and Mac,191.968,4,0.2,28.7952,767.87
9924,CA-2015-159534,3/20/2015,3/23/2015,First Class,DH-13075,Dave Hallsten,Corporate,United States,New York City,New York,10035,East,OFF-BI-10003982,Office Supplies,Binders,Wilson Jones Century Plastic Molded Ring Binders,49.848,3,0.2,16.8237,149.54
9925,CA-2015-159534,3/20/2015,3/23/2015,First Class,DH-13075,Dave Hallsten,Corporate,United States,New York City,New York,10035,East,OFF-EN-10004386,Office Supplies,Envelopes,"Recycled Interoffice Envelopes with String and Button Closure, 10 x 13",23.99,1,0.0,11.995,23.99
9926,CA-2015-159534,3/20/2015,3/23/2015,First Class,DH-13075,Dave Hallsten,Corporate,United States,New York City,New York,10035,East,OFF-BI-10003656,Office Supplies,Binders,Fellowes PB200 Plastic Comb Binding Machine,1087.936,8,0.2,353.5792,8703.49
9927,CA-2015-159534,3/20/2015,3/23/2015,First Class,DH-13075,Dave Hallsten,Corporate,United States,New York City,New York,10035,East,TEC-PH-10002310,Technology,Phones,Panasonic KX T7731-B Digital phone,199.98,2,0.0,53.9946,399.96
9928,CA-2015-159534,3/20/2015,3/23/2015,First Class,DH-13075,Dave Hallsten,Corporate,United States,New York City,New York,10035,East,OFF-ST-10001172,Office Supplies,Storage,"Tennsco Lockers, Sand",83.92,4,0.0,20.1408,335.68
9929,CA-2016-129630,9/4/2016,9/4/2016,Same Day,IM-15055,Ionia McGrath,Consumer,United States,San Francisco,California,94122,West,FUR-FU-10000260,Furniture,Furnishings,"6"" Cubicle Wall Clock, Black",24.27,3,0.0,8.7372,72.81
9930,CA-2016-129630,9/4/2016,9/4/2016,Same Day,IM-15055,Ionia McGrath,Consumer,United States,San Francisco,California,94122,West,TEC-CO-10003763,Technology,Copiers,Canon PC1060 Personal Laser Copier,2799.96,5,0.2,944.9865,13999.8
9931,CA-2015-104948,11/13/2015,11/17/2015,Standard Class,KH-16510,Keith Herrera,Consumer,United States,San Bernardino,California,92404,West,OFF-BI-10001267,Office Supplies,Binders,"Universal Recycled Hanging Pressboard Report Binders, Letter Size",9.872,2,0.2,3.4552,19.74
9932,CA-2015-104948,11/13/2015,11/17/2015,Standard Class,KH-16510,Keith Herrera,Consumer,United States,San Bernardino,California,92404,West,FUR-BO-10004357,Furniture,Bookcases,O'Sullivan Living Dimensions 3-Shelf Bookcases,683.332,4,0.15,-40.196,2733.33
9933,CA-2015-104948,11/13/2015,11/17/2015,Standard Class,KH-16510,Keith Herrera,Consumer,United States,San Bernardino,California,92404,West,OFF-PA-10004610,Office Supplies,Paper,Xerox 1900,29.96,7,0.0,13.482,209.72
9934,CA-2014-166555,7/11/2014,7/14/2014,First Class,JK-15205,Jamie Kunitz,Consumer,United States,Niagara Falls,New York,14304,East,TEC-PH-10004912,Technology,Phones,Cisco SPA112 2 Port Phone Adapter,164.85,3,0.0,47.8065,494.55
9935,CA-2016-114405,4/7/2016,4/12/2016,Standard Class,AS-10240,Alan Shonely,Consumer,United States,Philadelphia,Pennsylvania,19120,East,OFF-AP-10003278,Office Supplies,Appliances,Belkin 7-Outlet SurgeMaster Home Series,33.528,3,0.2,2.5146,100.58
9936,CA-2016-114405,4/7/2016,4/12/2016,Standard Class,AS-10240,Alan Shonely,Consumer,United States,Philadelphia,Pennsylvania,19120,East,OFF-ST-10001627,Office Supplies,Storage,Eldon Jumbo ProFile Portable File Boxes Graphite/Black,36.744,3,0.2,3.6744,110.23
9937,CA-2017-132955,6/24/2017,6/28/2017,Standard Class,SC-20575,Sonia Cooley,Consumer,United States,Cranston,Rhode Island,2920,East,OFF-BI-10002735,Office Supplies,Binders,GBC Prestige Therm-A-Bind Covers,102.93,3,0.0,48.3771,308.79
9938,CA-2016-164889,6/3/2016,6/6/2016,Second Class,CP-12340,Christine Phan,Corporate,United States,Los Angeles,California,90049,West,FUR-TA-10001676,Furniture,Tables,Hon 61000 Series Interactive Training Tables,71.088,2,0.2,-1.7772,142.18
9939,CA-2016-169824,12/12/2016,12/17/2016,Standard Class,NS-18640,Noel Staavos,Corporate,United States,New York City,New York,10009,East,FUR-FU-10004864,Furniture,Furnishings,Eldon 500 Class Desk Accessories,60.35,5,0.0,19.9155,301.75
9940,CA-2016-169824,12/12/2016,12/17/2016,Standard Class,NS-18640,Noel Staavos,Corporate,United States,New York City,New York,10009,East,OFF-SU-10000952,Office Supplies,Supplies,Fiskars Home & Office Scissors,35.52,4,0.0,9.9456,142.08
9941,CA-2016-169824,12/12/2016,12/17/2016,Standard Class,NS-18640,Noel Staavos,Corporate,United States,New York City,New York,10009,East,OFF-AR-10000462,Office Supplies,Art,Sanford Pocket Accent Highlighters,11.2,7,0.0,4.816,78.4
9942,CA-2017-164028,11/24/2017,11/30/2017,Standard Class,JL-15835,John Lee,Consumer,United States,San Francisco,California,94122,West,TEC-AC-10001772,Technology,Accessories,Memorex Mini Travel Drive 16 GB USB 2.0 Flash Drive,223.58,14,0.0,87.1962,3130.12
9943,CA-2014-143371,12/28/2014,1/3/2015,Standard Class,MD-17350,Maribeth Dona,Consumer,United States,Anaheim,California,92804,West,OFF-ST-10001128,Office Supplies,Storage,"Carina Mini System Audio Rack, Model AR050B",998.82,9,0.0,29.9646,8989.38
9944,CA-2014-143371,12/28/2014,1/3/2015,Standard Class,MD-17350,Maribeth Dona,Consumer,United States,Anaheim,California,92804,West,OFF-SU-10002537,Office Supplies,Supplies,Acme Box Cutter Scissors,51.15,5,0.0,13.299,255.75
9945,CA-2015-145415,4/12/2015,4/17/2015,Second Class,RD-19660,Robert Dilbeck,Home Office,United States,Seattle,Washington,98103,West,OFF-ST-10000419,Office Supplies,Storage,"Rogers Jumbo File, Granite",40.74,3,0.0,0.4074,122.22
9946,CA-2014-111157,3/2/2014,3/6/2014,Standard Class,NH-18610,Nicole Hansen,Corporate,United States,Philadelphia,Pennsylvania,19120,East,OFF-PA-10000327,Office Supplies,Paper,Xerox 1971,3.424,1,0.2,1.07,3.42
9947,CA-2014-111157,3/2/2014,3/6/2014,Standard Class,NH-18610,Nicole Hansen,Corporate,United States,Philadelphia,Pennsylvania,19120,East,TEC-AC-10004353,Technology,Accessories,Hypercom P1300 Pinpad,151.2,3,0.2,32.13,453.6
9948,CA-2017-121559,6/1/2017,6/3/2017,Second Class,HW-14935,Helen Wasserman,Corporate,United States,Indianapolis,Indiana,46203,Central,FUR-CH-10003746,Furniture,Chairs,Hon 4070 Series Pagoda Round Back Stacking Chairs,1925.88,6,0.0,539.2464,11555.28
9949,CA-2017-121559,6/1/2017,6/3/2017,Second Class,HW-14935,Helen Wasserman,Corporate,United States,Indianapolis,Indiana,46203,Central,OFF-AP-10002945,Office Supplies,Appliances,Honeywell Enviracaire Portable HEPA Air Cleaner for 17' x 22' Room,2405.2,8,0.0,793.716,19241.6
9950,CA-2017-121559,6/1/2017,6/3/2017,Second Class,HW-14935,Helen Wasserman,Corporate,United States,Indianapolis,Indiana,46203,Central,TEC-AC-10004568,Technology,Accessories,Maxell LTO Ultrium - 800 GB,83.97,3,0.0,15.9543,251.91
9951,CA-2017-121559,6/1/2017,6/3/2017,Second Class,HW-14935,Helen Wasserman,Corporate,United States,Indianapolis,Indiana,46203,Central,TEC-AC-10001714,Technology,Accessories,Logitech MX Performance Wireless Mouse,39.89,1,0.0,14.7593,39.89
9952,CA-2017-121559,6/1/2017,6/3/2017,Second Class,HW-14935,Helen Wasserman,Corporate,United States,Indianapolis,Indiana,46203,Central,OFF-BI-10002072,Office Supplies,Binders,Cardinal Slant-D Ring Binders,17.38,2,0.0,8.69,34.76
9953,CA-2015-141593,12/14/2015,12/16/2015,Second Class,DB-12970,Darren Budd,Corporate,United States,Los Angeles,California,90045,West,OFF-BI-10001153,Office Supplies,Binders,Ibico Recycled Grain-Textured Covers,55.264,2,0.2,20.724,110.53
9954,CA-2015-141593,12/14/2015,12/16/2015,Second Class,DB-12970,Darren Budd,Corporate,United States,Los Angeles,California,90045,West,OFF-PA-10004983,Office Supplies,Paper,Xerox 23,6.48,1,0.0,3.1104,6.48
9955,CA-2015-141593,12/14/2015,12/16/2015,Second Class,DB-12970,Darren Budd,Corporate,United States,Los Angeles,California,90045,West,OFF-BI-10000948,Office Supplies,Binders,"GBC Laser Imprintable Binding System Covers, Desert Sand",34.248,3,0.2,11.5587,102.74
9956,CA-2015-141593,12/14/2015,12/16/2015,Second Class,DB-12970,Darren Budd,Corporate,United States,Los Angeles,California,90045,West,FUR-TA-10002622,Furniture,Tables,"Bush Andora Conference Table, Maple/Graphite Gray Finish",273.568,2,0.2,10.2588,547.14
9957,US-2014-143287,11/11/2014,11/17/2014,Standard Class,KN-16705,Kristina Nunn,Home Office,United States,New Rochelle,New York,10801,East,OFF-PA-10001776,Office Supplies,Paper,"Wirebound Message Books, Four 2 3/4"" x 5"" Forms per Page, 600 Sets per Book",46.35,5,0.0,21.7845,231.75
9958,US-2014-143287,11/11/2014,11/17/2014,Standard Class,KN-16705,Kristina Nunn,Home Office,United States,New Rochelle,New York,10801,East,OFF-PA-10004039,Office Supplies,Paper,Xerox 1882,223.92,4,0.0,109.7208,895.68
9959,US-2014-143287,11/11/2014,11/17/2014,Standard Class,KN-16705,Kristina Nunn,Home Office,United States,New Rochelle,New York,10801,East,OFF-SU-10001574,Office Supplies,Supplies,Acme Value Line Scissors,7.3,2,0.0,2.19,14.6
9960,CA-2017-137421,10/6/2017,10/11/2017,Standard Class,AJ-10945,Ashley Jarboe,Consumer,United States,Chandler,Arizona,85224,West,OFF-AR-10001761,Office Supplies,Art,Avery Hi-Liter Smear-Safe Highlighters,9.344,2,0.2,1.8688,18.69
9961,CA-2017-141446,9/16/2017,9/18/2017,Second Class,CL-12700,Craig Leslie,Home Office,United States,Florence,Kentucky,41042,South,TEC-AC-10002305,Technology,Accessories,KeyTronic E03601U1 - Keyboard - Beige,18.0,1,0.0,3.24,18.0
9962,CA-2015-168088,3/19/2015,3/22/2015,First Class,CM-12655,Corinna Mitchell,Home Office,United States,Houston,Texas,77041,Central,OFF-PA-10000675,Office Supplies,Paper,Xerox 1919,65.584,2,0.2,23.7742,131.17
9963,CA-2015-168088,3/19/2015,3/22/2015,First Class,CM-12655,Corinna Mitchell,Home Office,United States,Houston,Texas,77041,Central,FUR-BO-10004218,Furniture,Bookcases,"Bush Heritage Pine Collection 5-Shelf Bookcase, Albany Pine Finish, *Special Order",383.4656,4,0.32,-67.6704,1533.86
9964,CA-2015-143700,7/26/2015,7/26/2015,Same Day,AS-10240,Alan Shonely,Consumer,United States,Philadelphia,Pennsylvania,19140,East,OFF-PA-10003072,Office Supplies,Paper,"Eureka Recycled Copy Paper 8 1/2"" x 11"", Ream",10.368,2,0.2,3.6288,20.74
9965,CA-2016-146374,12/5/2016,12/10/2016,Second Class,HE-14800,Harold Engle,Corporate,United States,Newark,Delaware,19711,East,FUR-FU-10002671,Furniture,Furnishings,Electrix 20W Halogen Replacement Bulb for Zoom-In Desk Lamp,13.4,1,0.0,6.432,13.4
9966,CA-2016-146374,12/5/2016,12/10/2016,Second Class,HE-14800,Harold Engle,Corporate,United States,Newark,Delaware,19711,East,OFF-PA-10000349,Office Supplies,Paper,Easy-staple paper,4.98,1,0.0,2.3406,4.98
9967,CA-2016-146374,12/5/2016,12/10/2016,Second Class,HE-14800,Harold Engle,Corporate,United States,Newark,Delaware,19711,East,OFF-EN-10004483,Office Supplies,Envelopes,"#10 White Business Envelopes,4 1/8 x 9 1/2",109.69,7,0.0,51.5543,767.83
9968,CA-2017-153871,12/11/2017,12/17/2017,Standard Class,RB-19435,Richard Bierner,Consumer,United States,Plainfield,New Jersey,7060,East,OFF-BI-10004209,Office Supplies,Binders,"Fellowes Twister Kit, Gray/Clear, 3/pkg",40.2,5,0.0,18.09,201.0
9969,CA-2017-153871,12/11/2017,12/17/2017,Standard Class,RB-19435,Richard Bierner,Consumer,United States,Plainfield,New Jersey,7060,East,OFF-BI-10004600,Office Supplies,Binders,Ibico Ibimaster 300 Manual Binding System,735.98,2,0.0,331.191,1471.96
9970,CA-2017-153871,12/11/2017,12/17/2017,Standard Class,RB-19435,Richard Bierner,Consumer,United States,Plainfield,New Jersey,7060,East,OFF-AP-10003622,Office Supplies,Appliances,"Bravo II Megaboss 12-Amp Hard Body Upright, Replacement Belts, 2 Belts per Pack",22.75,7,0.0,6.5975,159.25
9971,CA-2015-103772,6/28/2015,7/2/2015,Standard Class,MP-17470,Mark Packer,Home Office,United States,Smyrna,Georgia,30080,South,OFF-BI-10002867,Office Supplies,Binders,GBC Recycled Regency Composition Covers,119.56,2,0.0,54.9976,239.12
9972,CA-2015-103772,6/28/2015,7/2/2015,Standard Class,MP-17470,Mark Packer,Home Office,United States,Smyrna,Georgia,30080,South,OFF-AR-10000538,Office Supplies,Art,"Boston Model 1800 Electric Pencil Sharpener, Gray",140.75,5,0.0,42.225,703.75
9973,CA-2016-130225,9/11/2016,9/17/2016,Standard Class,RC-19960,Ryan Crowe,Consumer,United States,Houston,Texas,77041,Central,OFF-EN-10000056,Office Supplies,Envelopes,Cameo Buff Policy Envelopes,99.568,2,0.2,33.6042,199.14
9974,US-2016-103674,12/6/2016,12/10/2016,Standard Class,AP-10720,Anne Pryor,Home Office,United States,Los Angeles,California,90032,West,TEC-PH-10004080,Technology,Phones,Avaya 5410 Digital phone,271.96,5,0.2,27.196,1359.8
9975,US-2016-103674,12/6/2016,12/10/2016,Standard Class,AP-10720,Anne Pryor,Home Office,United States,Los Angeles,California,90032,West,OFF-AR-10004752,Office Supplies,Art,Blackstonian Pencils,18.69,7,0.0,5.2332,130.83
9976,US-2016-103674,12/6/2016,12/10/2016,Standard Class,AP-10720,Anne Pryor,Home Office,United States,Los Angeles,California,90032,West,OFF-PA-10000743,Office Supplies,Paper,Xerox 1977,13.36,2,0.0,6.4128,26.72
9977,US-2016-103674,12/6/2016,12/10/2016,Standard Class,AP-10720,Anne Pryor,Home Office,United States,Los Angeles,California,90032,West,TEC-PH-10002496,Technology,Phones,Cisco SPA301,249.584,2,0.2,31.198,499.17
9978,US-2016-103674,12/6/2016,12/10/2016,Standard Class,AP-10720,Anne Pryor,Home Office,United States,Los Angeles,California,90032,West,OFF-FA-10003467,Office Supplies,Fasteners,"Alliance Big Bands Rubber Bands, 12/Pack",13.86,7,0.0,0.0,97.02
9979,US-2016-103674,12/6/2016,12/10/2016,Standard Class,AP-10720,Anne Pryor,Home Office,United States,Los Angeles,California,90032,West,OFF-BI-10003727,Office Supplies,Binders,Avery Durable Slant Ring Binders With Label Holder,13.376,4,0.2,4.6816,53.5
9980,US-2016-103674,12/6/2016,12/10/2016,Standard Class,AP-10720,Anne Pryor,Home Office,United States,Los Angeles,California,90032,West,OFF-BI-10002026,Office Supplies,Binders,Ibico Recycled Linen-Style Covers,437.472,14,0.2,153.1152,6124.61
9981,US-2015-151435,9/6/2015,9/9/2015,Second Class,SW-20455,Shaun Weien,Consumer,United States,Lafayette,Louisiana,70506,South,FUR-TA-10001039,Furniture,Tables,KI Adjustable-Height Table,85.98,1,0.0,22.3548,85.98
9982,CA-2017-163566,8/3/2017,8/6/2017,First Class,TB-21055,Ted Butterfield,Consumer,United States,Fairfield,Ohio,45014,East,OFF-LA-10004484,Office Supplies,Labels,Avery 476,16.52,5,0.2,5.369,82.6
9983,US-2016-157728,9/22/2016,9/28/2016,Standard Class,RC-19960,Ryan Crowe,Consumer,United States,Grand Rapids,Michigan,49505,Central,OFF-PA-10002195,Office Supplies,Paper,"RSVP Cards & Envelopes, Blank White, 8-1/2"" X 11"", 24 Cards/25 Envelopes/Set",35.56,7,0.0,16.7132,248.92
9984,US-2016-157728,9/22/2016,9/28/2016,Standard Class,RC-19960,Ryan Crowe,Consumer,United States,Grand Rapids,Michigan,49505,Central,TEC-PH-10001305,Technology,Phones,Panasonic KX TS208W Corded phone,97.98,2,0.0,27.4344,195.96
9985,CA-2015-100251,5/17/2015,5/23/2015,Standard Class,DV-13465,Dianna Vittorini,Consumer,United States,Long Beach,New York,11561,East,OFF-LA-10003766,Office Supplies,Labels,Self-Adhesive Removable Labels,31.5,10,0.0,15.12,315.0
9986,CA-2015-100251,5/17/2015,5/23/2015,Standard Class,DV-13465,Dianna Vittorini,Consumer,United States,Long Beach,New York,11561,East,OFF-SU-10000898,Office Supplies,Supplies,"Acme Hot Forged Carbon Steel Scissors with Nickel-Plated Handles, 3 7/8"" Cut, 8""L",55.6,4,0.0,16.124,222.4
9987,CA-2016-125794,9/29/2016,10/3/2016,Standard Class,ML-17410,Maris LaWare,Consumer,United States,Los Angeles,California,90008,West,TEC-AC-10003399,Technology,Accessories,Memorex Mini Travel Drive 64 GB USB 2.0 Flash Drive,36.24,1,0.0,15.2208,36.24
9988,CA-2017-163629,11/17/2017,11/21/2017,Standard Class,RA-19885,Ruben Ausman,Corporate,United States,Athens,Georgia,30605,South,TEC-AC-10001539,Technology,Accessories,Logitech G430 Surround Sound Gaming Headset with Dolby 7.1 Technology,79.99,1,0.0,28.7964,79.99
9989,CA-2017-163629,11/17/2017,11/21/2017,Standard Class,RA-19885,Ruben Ausman,Corporate,United States,Athens,Georgia,30605,South,TEC-PH-10004006,Technology,Phones,Panasonic KX - TS880B Telephone,206.1,5,0.0,55.647,1030.5
9990,CA-2014-110422,1/21/2014,1/23/2014,Second Class,TB-21400,Tom Boeckenhauer,Consumer,United States,Miami,Florida,33180,South,FUR-FU-10001889,Furniture,Furnishings,Ultra Door Pull Handle,25.248,3,0.2,4.1028,75.74
9991,CA-2017-121258,2/26/2017,3/3/2017,Standard Class,DB-13060,Dave Brooks,Consumer,United States,Costa Mesa,California,92627,West,FUR-FU-10000747,Furniture,Furnishings,Tenex B1-RE Series Chair Mats for Low Pile Carpets,91.96,2,0.0,15.6332,183.92
9992,CA-2017-121258,2/26/2017,3/3/2017,Standard Class,DB-13060,Dave Brooks,Consumer,United States,Costa Mesa,California,92627,West,TEC-PH-10003645,Technology,Phones,Aastra 57i VoIP phone,258.576,2,0.2,19.3932,517.15
9993,CA-2017-121258,2/26/2017,3/3/2017,Standard Class,DB-13060,Dave Brooks,Consumer,United States,Costa Mesa,California,92627,West,OFF-PA-10004041,Office Supplies,Paper,"It's Hot Message Books with Stickers, 2 3/4"" x 5""",29.6,4,0.0,13.32,118.4
9994,CA-2017-119914,5/4/2017,5/9/2017,Second Class,CC-12220,Chris Cortes,Consumer,United States,Westminster,California,92683,West,OFF-AP-10002684,Office Supplies,Appliances,"Acco 7-Outlet Masterpiece Power Center, Wihtout Fax/Phone Line Protection",243.16,2,0.0,72.948,486.32
9995,INCR-2026-1000,3/19/2014,3/21/2014,First Class,MC-17605,Matt Connell,Corporate,United States,Lakeland,Florida,33801,South,OFF-ST-10000918,Office Supplies,Storage,Crate-A-Files,250.56,5,0.2,1.962,1252.8
9996,INCR-2026-1001,7/9/2015,7/13/2015,Standard Class,CB-12535,Claudia Bergmann,Corporate,United States,Franklin,Massachusetts,2038,East,OFF-PA-10001609,Office Supplies,Paper,Tops Wirebound Message Log Books,110.27,5,0.0,3.0268,551.35
9997,INCR-2026-1002,7/11/2015,7/12/2015,First Class,TS-21370,Todd Sumrall,Corporate,United States,Wilmington,Delaware,19805,East,TEC-PH-10001817,Technology,Phones,Wilson Electronics DB Pro Signal Booster,98.89,5,0.0,193.32,494.45
9998,INCR-2026-1003,11/7/2016,11/9/2016,First Class,LW-17215,Luke Weiss,Consumer,United States,Rochester,New York,14609,East,OFF-ST-10003479,Office Supplies,Storage,"Eldon Base for stackable storage shelf, platinum",36.41,7,0.0,5.841,254.87
9999,INCR-2026-1004,9/10/2017,9/15/2017,Second Class,RW-19690,Robert Waldorf,Consumer,United States,Springfield,Missouri,65807,Central,TEC-AC-10002217,Technology,Accessories,Imation Clip USB flash drive - 8 GB,34.62,10,0.0,6.768,346.2
10000,INCR-2026-1005,2/14/2016,2/15/2016,First Class,DK-13090,Dave Kipp,Consumer,United States,Clinton,Maryland,20735,East,OFF-PA-10000791,Office Supplies,Paper,"Wirebound Message Books, Four 2 3/4 x 5 Forms per Page, 200 Sets per Book",428.09,7,0.0,2.1465,2996.63
10001,INCR-2026-1006,12/20/2014,12/21/2014,First Class,PS-19045,Penelope Sewall,Home Office,United States,Harrisonburg,Virginia,22801,South,OFF-BI-10003982,Office Supplies,Binders,Wilson Jones Century Plastic Molded Ring Binders,88.73,7,0.0,29.2857,621.11
10002,INCR-2026-1007,8/24/2014,8/26/2014,First Class,JP-15460,Jennifer Patt,Corporate,United States,Oceanside,New York,11572,East,OFF-BI-10001116,Office Supplies,Binders,"Wilson Jones 1"" Hanging DublLock Ring Binders",72.86,2,0.2,4.4352,145.72
10003,INCR-2026-1008,7/22/2016,7/26/2016,Standard Class,DK-13375,Dennis Kane,Consumer,United States,Westland,Michigan,48185,Central,OFF-AR-10001761,Office Supplies,Art,Avery Hi-Liter Smear-Safe Highlighters,17.9,7,0.0,10.512,125.3
10004,INCR-2026-1009,7/3/2017,7/4/2017,First Class,YS-21880,Yana Sorensen,Corporate,United States,Burlington,North Carolina,27217,South,OFF-AR-10003514,Office Supplies,Art,4009 Highlighters by Sanford,11.08,9,0.2,1.5522,99.72
10005,INCR-2026-1010,11/19/2017,11/19/2017,Same Day,AP-10720,Anne Pryor,Home Office,United States,New York City,New York,10011,East,FUR-TA-10001676,Furniture,Tables,Hon 61000 Series Interactive Training Tables,201.02,9,0.4,-29.3238,1809.18
10006,INCR-2026-1011,4/18/2015,4/22/2015,Second Class,MP-17965,Michael Paige,Corporate,United States,Mcallen,Texas,78501,Central,OFF-AR-10003481,Office Supplies,Art,Newell 348,221.3,5,0.2,0.8856,1106.5
10007,INCR-2026-1012,7/21/2014,7/25/2014,Standard Class,HM-14860,Harry Marie,Corporate,United States,Dallas,Texas,75217,Central,OFF-BI-10000494,Office Supplies,Binders,Acco Economy Flexible Poly Round Ring Binder,349.03,2,0.8,-1.827,698.06
10008,INCR-2026-1013,12/8/2014,12/13/2014,Standard Class,TB-21250,Tim Brockman,Consumer,United States,Salem,Oregon,97301,West,OFF-SU-10000432,Office Supplies,Supplies,Acco Side-Punched Conventional Columnar Pads,262.6,6,0.2,-2.6025,1575.6
10009,INCR-2026-1014,4/20/2017,4/24/2017,Standard Class,CV-12295,Christina VanderZanden,Consumer,United States,Detroit,Michigan,48234,Central,OFF-BI-10001036,Office Supplies,Binders,Cardinal EasyOpen D-Ring Binders,108.79,1,0.0,18.28,108.79
10010,INCR-2026-1015,9/15/2015,9/19/2015,Standard Class,NW-18400,Natalie Webber,Consumer,United States,Mobile,Alabama,36608,South,FUR-TA-10003569,Furniture,Tables,Bretford CR8500 Series Meeting Room Furniture,279.05,6,0.0,200.49,1674.3
10011,INCR-2026-1016,12/19/2016,12/24/2016,Second Class,MH-17440,Mark Haberlin,Corporate,United States,New York City,New York,10035,East,OFF-AR-10001545,Office Supplies,Art,Newell 326,136.5,4,0.0,1.0208,546.0
10012,INCR-2026-1017,1/7/2016,1/12/2016,Standard Class,DW-13480,Dianna Wilson,Home Office,United States,Oakland,California,94601,West,OFF-AR-10003696,Office Supplies,Art,Panasonic KP-350BK Electric Pencil Sharpener with Auto Stop,249.53,9,0.0,10.0282,2245.77
10013,INCR-2026-1018,5/23/2014,5/27/2014,Standard Class,AR-10510,Andrew Roberts,Consumer,United States,Philadelphia,Pennsylvania,19134,East,TEC-PH-10003092,Technology,Phones,Motorola L804,81.22,3,0.4,-10.1178,243.66
10014,INCR-2026-1019,7/16/2015,7/20/2015,Standard Class,MG-17890,Michael Granlund,Home Office,United States,Baltimore,Maryland,21215,East,OFF-EN-10000483,Office Supplies,Envelopes,"White Envelopes, White Envelopes with Clear Poly Window",428.39,3,0.0,63.135,1285.17
10015,INCR-2026-1020,8/27/2016,9/1/2016,Second Class,TB-21055,Ted Butterfield,Consumer,United States,Quincy,Massachusetts,2169,East,OFF-PA-10002666,Office Supplies,Paper,Southworth 25% Cotton Linen-Finish Paper & Envelopes,443.2,10,0.0,36.693,4432.0
10016,INCR-2026-1021,10/2/2014,10/5/2014,First Class,ES-14080,Erin Smith,Corporate,United States,Tempe,Arizona,85281,West,OFF-EN-10004846,Office Supplies,Envelopes,Letter or Legal Size Expandable Poly String Tie Envelopes,497.17,1,0.2,4.6284,497.17
10017,INCR-2026-1022,12/17/2017,12/21/2017,Standard Class,CA-12310,Christine Abelman,Corporate,United States,Anaheim,California,92804,West,OFF-ST-10001526,Office Supplies,Storage,Iceberg Mobile Mega Data/Printer Cart ,63.73,8,0.0,125.1432,509.84
10018,INCR-2026-1023,6/11/2015,6/16/2015,Standard Class,BD-11605,Brian Dahlen,Consumer,United States,Monroe,Louisiana,71203,South,OFF-BI-10002799,Office Supplies,Binders,"SlimView Poly Binder, 3/8""",214.44,3,0.0,16.6796,643.32
10019,INCR-2026-1024,11/28/2016,12/1/2016,Second Class,RF-19345,Randy Ferguson,Corporate,United States,Marietta,Georgia,30062,South,TEC-AC-10003441,Technology,Accessories,Kingston Digital DataTraveler 32GB USB 2.0,121.66,1,0.0,6.102,121.66
10020,INCR-2026-1025,6/9/2014,6/13/2014,Second Class,TS-21205,Thomas Seio,Corporate,United States,North Las Vegas,Nevada,89031,West,FUR-FU-10002685,Furniture,Furnishings,"Executive Impressions 13-1/2"" Indoor/Outdoor Wall Clock",376.13,4,0.0,14.212,1504.52
10021,INCR-2026-1026,12/6/2016,12/12/2016,Standard Class,GT-14710,Greg Tran,Consumer,United States,Seattle,Washington,98105,West,OFF-PA-10000482,Office Supplies,Paper,"Snap-A-Way Black Print Carbonless Ruled Speed Letter, Triplicate",423.58,10,0.0,89.159,4235.8
10022,INCR-2026-1027,10/9/2014,10/15/2014,Standard Class,BP-11095,Bart Pistole,Corporate,United States,Jacksonville,North Carolina,28540,South,OFF-PA-10004071,Office Supplies,Paper,"Eaton Premium Continuous-Feed Paper, 25% Cotton, Letter Size, White, 1000 Shts/Box",333.39,3,0.2,31.0688,1000.17
10023,INCR-2026-1028,4/25/2015,4/28/2015,Second Class,JS-15595,Jill Stevenson,Corporate,United States,Los Angeles,California,90045,West,OFF-BI-10002071,Office Supplies,Binders,Fellowes Black Plastic Comb Bindings,444.61,2,0.2,4.5318,889.22
10024,INCR-2026-1029,8/30/2016,9/1/2016,First Class,PO-18850,Patrick O'Brill,Consumer,United States,Philadelphia,Pennsylvania,19143,East,OFF-ST-10000675,Office Supplies,Storage,"File Shuttle II and Handi-File, Black",40.67,6,0.2,3.389,244.02
10025,INCR-2026-1030,12/18/2015,12/25/2015,Standard Class,RB-19645,Robert Barroso,Corporate,United States,Memphis,Tennessee,38109,South,OFF-EN-10000461,Office Supplies,Envelopes,"#10- 4 1/8"" x 9 1/2"" Recycled Envelopes",210.2,2,0.2,18.8784,420.4
10026,INCR-2026-1031,11/18/2016,11/22/2016,Standard Class,TC-21535,Tracy Collins,Home Office,United States,Los Angeles,California,90008,West,TEC-PH-10003357,Technology,Phones,Grandstream GXP2100 Mainstream Business Phone,53.07,10,0.2,6.1192,530.7
10027,INCR-2026-1032,3/7/2017,3/12/2017,Standard Class,MG-17890,Michael Granlund,Home Office,United States,Clinton,Maryland,20735,East,TEC-AC-10004510,Technology,Accessories,Logitech Desktop MK120 Mouse and keyboard Combo,445.14,6,0.0,4.908,2670.84
10028,INCR-2026-1033,5/29/2016,6/2/2016,Standard Class,RB-19360,Raymond Buch,Consumer,United States,Nashville,Tennessee,37211,South,OFF-BI-10002414,Office Supplies,Binders,GBC ProClick Spines for 32-Hole Punch,129.45,1,0.7,-8.6457,129.45
10029,INCR-2026-1034,2/6/2014,2/9/2014,First Class,ND-18460,Neil Ducich,Corporate,United States,Chesapeake,Virginia,23320,South,TEC-PH-10001615,Technology,Phones,AT&T CL82213,451.81,1,0.0,42.0355,451.81
10030,INCR-2026-1035,5/14/2017,5/15/2017,First Class,GT-14710,Greg Tran,Consumer,United States,Houston,Texas,77041,Central,OFF-PA-10003134,Office Supplies,Paper,Xerox 1937,96.21,8,0.2,26.9024,769.68
10031,INCR-2026-1036,12/5/2014,12/10/2014,Standard Class,RL-19615,Rob Lucas,Consumer,United States,Los Angeles,California,90045,West,OFF-PA-10001363,Office Supplies,Paper,Xerox 1933,128.2,6,0.0,23.0864,769.2
10032,INCR-2026-1037,11/14/2014,11/20/2014,Standard Class,CC-12220,Chris Cortes,Consumer,United States,Chesapeake,Virginia,23320,South,OFF-PA-10002262,Office Supplies,Paper,Xerox 192,238.04,5,0.0,15.552,1190.2
10033,INCR-2026-1038,12/29/2017,1/1/2018,Second Class,KH-16360,Katherine Hughes,Consumer,United States,Louisville,Kentucky,40214,South,OFF-BI-10002414,Office Supplies,Binders,GBC ProClick Spines for 32-Hole Punch,451.22,10,0.0,5.8891,4512.2
10034,INCR-2026-1039,8/15/2014,8/19/2014,Standard Class,BD-11605,Brian Dahlen,Consumer,United States,San Francisco,California,94122,West,OFF-BI-10002309,Office Supplies,Binders,Avery Heavy-Duty EZD  Binder With Locking Rings,37.22,2,0.2,6.2496,74.44
10035,INCR-2026-1040,11/5/2016,11/7/2016,Second Class,LH-17155,Logan Haushalter,Consumer,United States,San Jose,California,95123,West,OFF-EN-10001434,Office Supplies,Envelopes,"Strathmore #10 Envelopes, Ultimate White",467.57,3,0.0,77.4837,1402.71
10036,INCR-2026-1041,3/12/2016,3/15/2016,Second Class,DK-13225,Dean Katz,Corporate,United States,San Francisco,California,94109,West,OFF-EN-10004459,Office Supplies,Envelopes,Security-Tint Envelopes,298.08,4,0.0,14.9744,1192.32
10037,INCR-2026-1042,5/25/2017,5/25/2017,Same Day,TB-21625,Trudy Brown,Consumer,United States,New York City,New York,10009,East,FUR-FU-10000732,Furniture,Furnishings,Eldon 200 Class Desk Accessories,336.1,8,0.0,6.0288,2688.8
10038,INCR-2026-1043,8/12/2016,8/12/2016,Same Day,LC-16870,Lena Cacioppo,Consumer,United States,Des Moines,Iowa,50315,Central,OFF-PA-10000029,Office Supplies,Paper,Xerox 224,334.2,5,0.0,3.1104,1671.0
10039,INCR-2026-1044,5/4/2017,5/8/2017,Standard Class,MK-18160,Mike Kennedy,Consumer,United States,Newport News,Virginia,23602,South,OFF-ST-10001291,Office Supplies,Storage,"Tenex Personal Self-Stacking Standard File Box, Black/Gray",277.48,7,0.0,4.5657,1942.36
10040,INCR-2026-1045,2/11/2017,2/13/2017,Second Class,CS-11845,Cari Sayre,Corporate,United States,Seattle,Washington,98105,West,FUR-CH-10004495,Furniture,Chairs,"Global Leather and Oak Executive Chair, Black",476.93,1,0.2,108.3528,476.93
10041,INCR-2026-1046,2/11/2017,2/14/2017,Second Class,VW-21775,Victoria Wilson,Corporate,United States,San Francisco,California,94110,West,OFF-BI-10001759,Office Supplies,Binders,"Acco Pressboard Covers with Storage Hooks, 14 7/8"" x 11"", Dark Blue",305.4,8,0.2,7.7343,2443.2
10042,INCR-2026-1047,9/2/2016,9/8/2016,Standard Class,TG-21310,Toby Gnade,Consumer,United States,Des Moines,Washington,98198,West,TEC-CO-10002095,Technology,Copiers,Hewlett Packard 610 Color Digital Copier / Printer,374.65,1,0.0,449.991,374.65
10043,INCR-2026-1048,12/16/2017,12/20/2017,Second Class,KM-16225,Kalyca Meade,Corporate,United States,Sunnyvale,California,94086,West,OFF-LA-10003498,Office Supplies,Labels,Avery 475,210.57,6,0.0,22.2,1263.42
10044,INCR-2026-1049,7/13/2017,7/17/2017,Second Class,MH-17455,Mark Hamilton,Consumer,United States,Philadelphia,Pennsylvania,19140,East,TEC-PH-10003885,Technology,Phones,Cisco SPA508G,114.85,10,0.4,-7.2589,1148.5
